lat;lon;species;diameter;raster
-25.0078208018086;31.4970582278995;sb;2.714266;12020
-25.0079495283094;31.4972837134624;sb;2.988644;12020
-25.0085337069595;31.497466089983;sb;4.810026;12020
-25.0085322738895;31.4972658920488;sb;3.964772;12020
-25.0082913478015;31.4973818477362;sb;3.963271;12020
-25.0086803832823;31.4975504452355;sb;3.10651;12020
-25.0086533350727;31.4967366083517;sb;2.160182;12020
-25.0080307216152;31.4967145824244;sb;2.479077;12020
-25.0081102314496;31.4969769000445;sb;1.596846;12020
-25.0083289521555;31.4972636535498;sb;2.945839;12020
-25.0081147997679;31.4968601965282;sb;5.524127;12020
-25.0085951952476;31.4972894339055;sb;3.666909;12020
-25.008669893674;31.4972529425081;sb;5.609593;12020
-25.0084413531817;31.4969980682208;sb;1.646623;12020
-25.0085725830409;31.4972343957838;sb;4.365974;12020
-25.0084936210425;31.497169188595;sb;5.573253;12020
-25.0078096180882;31.4967658897116;sb;4.1134;12020
-25.008257561403;31.4975682564666;sb;29.98734;12020
-25.007812966775;31.4972432191588;ca;2.336923;12020
-25.0080659003012;31.4971491015886;ca;5.289339;12020
-25.0080745485786;31.4969031895334;ca;3.94104;12020
-25.008290879164;31.497353936539;ca;5.996059;12020
-25.0078657919652;31.4974742500605;ca;2.031341;12020
-25.0084556087459;31.4971363613704;ca;2.467949;12020
-25.0083102897195;31.4974994871643;ca;1.964035;12020
-25.007916641355;31.4971332635798;ca;3.697917;12020
-25.0080794512963;31.497346755937;ca;4.127703;12020
-25.0082337197639;31.4970347105817;ca;1.397067;12020
-25.0077811103756;31.4972813351792;ca;5.908128;12020
-25.007982756281;31.4970185141838;ca;2.849049;12020
-25.0081307053039;31.4973348980505;ca;2.65375;12020
-25.0078795366289;31.4967891759592;ca;1.04784;12020
-25.0078138745845;31.4975722865905;ca;5.324418;12020
-25.0079369634643;31.4967793625249;ca;3.074312;12020
-25.0080066323878;31.496670609214;ca;3.406255;12020
-25.0078968872082;31.4970511333253;ca;2.04715;12020
-25.0082883695207;31.4966934381914;ca;4.333967;12020
-25.0085703266129;31.4975739576486;ca;5.508246;12020
-25.0078433677754;31.496695574971;ca;4.098183;12020
-25.008120542298;31.4973302249569;ca;1.870182;12020
-25.0080248336445;31.4974521927553;ca;1.830827;12020
-25.0079599575384;31.4967492621468;ca;3.43629;12020
-25.0078333905333;31.4971690893547;ca;4.822477;12020
-25.0083805885995;31.4971282633074;ca;5.620718;12020
-25.0079388293867;31.4975918346247;ca;2.836565;12020
-25.0083904518712;31.4967143017093;ca;1.675452;12020
-25.0084065614296;31.4969995617784;ca;2.787977;12020
-25.0081555046876;31.4974476223423;ca;1.200372;12020
-25.0082786482279;31.4973781222334;ca;4.376297;12020
-25.0085124611685;31.4970557613131;ca;2.673804;12020
-25.0087108158786;31.4972967794922;ca;2.232403;12020
-25.0077799190081;31.4969626280005;ca;5.01995;12020
-25.0085577071388;31.4972997364242;ca;4.674009;12020
-25.0084036361747;31.4972449300347;ca;5.875494;12020
-25.0080792549751;31.4969990358492;ca;4.474643;12020
-25.0081492153869;31.4973823086975;ca;1.757218;12020
-25.008265442199;31.4968684004618;ca;1.933509;12020
-25.008160407243;31.4967869560704;ca;5.019494;12020
-25.0079602041362;31.4972085455087;ca;3.747952;12020
-25.0083725537492;31.4970099054874;ca;1.038512;12020
-25.0083597658801;31.4973455410055;ca;3.364106;12020
-25.0079121814123;31.4973211008031;ca;3.644577;12020
-25.0079941825468;31.4973154434885;ca;4.411044;12020
-25.0082445345454;31.4967872551934;ca;2.735484;12020
-25.0086662874746;31.4976245903933;ca;3.060319;12020
-25.0081430072208;31.4967644535803;ca;5.832684;12020
-25.0085648945343;31.4973723514887;ca;3.075098;12020
-25.0080032025547;31.4969643375875;ca;2.808726;12020
-25.008020533222;31.496846842395;ca;1.982598;12020
-25.0083673861802;31.4967191876636;ca;1.369591;12020
-25.00826746707;31.4973370760735;ca;2.365257;12020
-25.0080490681662;31.4969114013862;ca;2.365838;12020
-25.0077979618917;31.4969601057581;ca;4.06772;12020
-25.0080955036433;31.4971945811038;ca;1.300774;12020
-25.0082698827914;31.4974571091929;ca;2.104769;12020
-25.0077916456937;31.4971760495027;ca;5.519925;12020
-25.0083847343013;31.4972791608871;ca;1.927296;12020
-25.0086037205455;31.4970939226336;ca;3.393676;12020
-25.0082890528008;31.4974363018593;ca;1.630629;12020
-25.0085393497638;31.4969142644823;ca;1.627795;12020
-25.0084826470427;31.4971814902622;ca;5.034649;12020
-25.0079335296462;31.4973450100005;ca;3.34616;12020
-25.0078109986558;31.4971131793217;ca;3.534229;12020
-25.0080152350984;31.4971057184005;ca;3.583035;12020
-25.0083172538199;31.4970211946825;ca;5.728909;12020
-25.0084955092856;31.4968114976904;ca;4.903782;12020
-25.0083241823791;31.4975813134659;ca;4.183401;12020
-25.0081069692677;31.4971622419806;ca;3.099635;12020
-25.0078785174859;31.4972874575007;ca;5.635311;12020
-25.0079922973054;31.4971120656433;ca;5.282498;12020
-25.0087015907918;31.4975443397772;ca;2.816619;12020
-25.0083096818862;31.4972173966427;ca;5.495136;12020
-25.0083278034647;31.4972551545776;ca;1.066108;12020
-25.0078374692299;31.4971074122558;ca;2.836286;12020
-25.0084088737143;31.4972642781099;ca;5.301617;12020
-25.0083967012334;31.4969753190009;ca;2.293462;12020
-25.0078442265721;31.49676345735;ca;1.82441;12020
-25.0081868971741;31.4973863423994;ca;5.577985;12020
-25.0078434458033;31.4968578498872;ca;2.608545;12020
-25.0085931825156;31.4969586213706;ca;5.130402;12020
-25.0083017216785;31.4968956420209;ca;4.525148;12020
-25.0087046532048;31.4970310445143;ca;3.106333;12020
-25.0080625702961;31.4976176431227;ca;1.724945;12020
-25.0078282893372;31.497018113608;ca;4.138603;12020
-25.0086156153191;31.4976243877235;ca;3.577423;12020
-25.0081453963601;31.4971374449092;ca;2.658821;12020
-25.0080928418435;31.4968042801613;ca;2.0562;12020
-25.0079932423412;31.4975594746096;ca;4.54312;12020
-25.0078853995159;31.4973507791978;ca;1.490119;12020
-25.0078426743877;31.4974809020126;ca;1.883837;12020
-25.0085133895997;31.4973728093;ca;3.08342;12020
-25.0085943590572;31.4975247669634;ca;3.063367;12020
-25.0083219781005;31.4970679224142;ca;2.266606;12020
-25.0078052693774;31.497371436118;ca;1.194275;12020
-25.0083036482481;31.496781823513;ca;1.637319;12020
-25.0081092300048;31.4970277609532;ca;5.723858;12020
-25.0085531180134;31.4973251340998;ca;4.232557;12020
-25.0081297449706;31.4975042428771;ca;3.493665;12020
-25.0084167224388;31.4973013631789;ca;4.082325;12020
-25.0084737939606;31.4966794078027;ca;5.274286;12020
-25.0083598894561;31.4970605195264;ca;1.010853;12020
-25.0079459343359;31.4972667966499;ca;1.51518;12020
-25.008314906669;31.4974671326142;ca;4.757453;12020
-25.0080248581063;31.4975776429013;ca;4.41396;12020
-25.0083770257003;31.4970698980291;ca;4.09797;12020
-25.0079982105675;31.497341563356;ca;2.720365;12020
-25.008668437176;31.4973239654746;ca;2.800927;12020
-25.0079873598895;31.4966973136343;ca;3.417729;12020
-25.007802949758;31.4969278067134;ca;4.861459;12020
-25.0084487335892;31.4971565741001;ca;2.999375;12020
-25.0080759642389;31.4970669400521;ca;4.877598;12020
-25.0084144870862;31.497481120436;ca;4.450101;12020
-25.0079259583901;31.4972490105328;ca;1.935209;12020
-25.0082933331887;31.4975085100168;ca;5.653399;12020
-25.0084048075633;31.4976069539464;ca;2.655799;12020
-25.0083922098727;31.4969299319031;ca;5.571358;12020
-25.0078504761305;31.4974295453258;ca;4.069195;12020
-25.0080373766312;31.4970605148121;ca;1.992003;12020
-25.0082373656634;31.4973849680588;ca;3.136192;12020
-25.0078126433757;31.4967568058494;ca;2.030583;12020
-25.0081434235979;31.4975482261871;ca;5.365808;12020
-25.0077848787481;31.4975377862036;ca;5.200937;12020
-25.0080854390859;31.4972887141294;ca;5.825445;12020
-25.0086812208355;31.4970998617484;ca;1.180847;12020
-25.0081508449942;31.4975713833932;ca;4.07406;12020
-25.0085812492728;31.4968348519395;ca;4.940824;12020
-25.0080277709618;31.496897316155;ca;3.8936;12020
-25.0084505275559;31.4968018044597;ca;5.373562;12020
-25.0082710411489;31.4970273852378;ca;3.032745;12020
-25.0082119557302;31.4971747246763;ca;4.671076;12020
-25.0084118150015;31.4975511561626;ca;1.81843;12020
-25.0083259922822;31.4973306666557;ca;2.746909;12020
-25.0084956236469;31.4975275803771;ca;4.708148;12020
-25.0087051254412;31.4969464921539;ca;1.497988;12020
-25.0078373149635;31.4967396096788;ca;1.774254;12020
-25.0081315012237;31.4967350527342;ca;5.185209;12020
-25.0077716338595;31.4967613764194;ca;4.366632;12020
-25.007822294792;31.4970378540987;ca;5.981881;12020
-25.0079148956771;31.4970811884555;ca;3.412695;12020
-25.0079703232484;31.4974329547703;ca;1.85211;12020
-25.0085274564503;31.4967021989182;ca;2.82771;12020
-25.0086531452459;31.4968520679922;ca;3.905133;12020
-25.0078752008212;31.4969314408028;ca;4.359601;12020
-25.0077815838656;31.4972108281501;ca;3.607028;12020
-25.0077800961555;31.4972749321292;ca;4.307527;12020
-25.0080422088509;31.4972460938652;ca;4.701311;12020
-25.008069927922;31.4973260336776;ca;2.959917;12020
-25.0083904849663;31.4976205167279;ca;1.449663;12020
-25.0085874283912;31.497355704278;ca;5.29146;12020
-25.0079681684876;31.496798943223;ca;1.868658;12020
-25.0082885900768;31.4969040007221;ca;1.027444;12020
-25.0078176902148;31.4969926991357;ca;4.503633;12020
-25.0080349499825;31.496754472733;ca;5.451109;12020
-25.0082366558303;31.4967938390228;ca;2.816996;12020
-25.0082216556894;31.4975076341504;ca;2.327471;12020
-25.0084357013094;31.4976264749389;ca;2.512972;12020
-25.0084236057518;31.4975343610622;ca;2.930722;12020
-25.0078732136682;31.4974611404602;ca;5.428277;12020
-25.0081200200102;31.4974388127245;ca;1.848384;12020
-25.007932138771;31.4976244116276;ca;3.15296;12020
-25.0081263857563;31.4974636436778;ca;4.744579;12020
-25.0085639488828;31.4967865199717;ca;2.279124;12020
-25.0079284681685;31.4975414396099;ca;1.213206;12020
-25.0080822408679;31.4972091768333;ca;5.615968;12020
-25.0079725394981;31.496748155722;ca;1.94929;12020
-25.0083158213915;31.49671737135;ca;4.029306;12020
-25.0083614416284;31.4971874184274;ca;4.205548;12020
-25.0086475451936;31.4967137841264;ca;1.504472;12020
-25.0082624052869;31.4975272508503;ca;2.05382;12020
-25.0086335485829;31.4975634661657;ca;4.380858;12020
-25.0080687577468;31.4968090400936;ca;5.7417;12020
-25.0081843033959;31.4975206510476;ca;3.00142;12020
-25.0082314780619;31.4972406730132;ca;2.138722;12020
-25.0081492046775;31.4968805642978;ca;1.218002;12020
-25.0085681899501;31.4976207221327;ca;4.408648;12020
-25.0080878409519;31.4968105526657;ca;4.749006;12020
-25.0078176308876;31.4971429326166;ca;1.836415;12020
-25.008097546969;31.4976081466455;ca;4.087047;12020
-25.0078950062642;31.4975981372775;ca;1.993164;12020
-25.0081207097681;31.4975334442502;ca;5.371051;12020
-25.0078795483913;31.496753374338;ca;2.982737;12020
-25.0086096879845;31.4966720091594;ca;5.537275;12020
-25.008453845833;31.4974173247438;ca;5.301049;12020
-25.0086599744494;31.4970044857071;ca;2.776532;12020
-25.0080649008723;31.4971587488443;ca;3.486738;12020
-25.0085277341602;31.4974710882917;ca;3.947807;12020
-25.0086425947314;31.4971410258222;ca;1.947742;12020
-25.0084071952012;31.4973496131017;ca;2.360022;12020
-25.0079937493636;31.497473514446;ca;3.36892;12020
-25.008114104853;31.4973877127782;ca;4.270744;12020
-25.0083158404658;31.4967719002387;ca;5.380608;12020
-25.0084881532503;31.4969190542183;ca;2.703764;12020
-25.0083370348983;31.4969233190296;ca;4.908622;12020
-25.0083639795816;31.4967813539696;ca;5.219458;12020
-25.0077977669627;31.4973562844117;ca;1.888086;12020
-25.0082637805851;31.4974975807403;ca;1.923074;12020
-25.0086993691618;31.497406215921;ca;3.45571;12020
-25.0084071052477;31.4970515208616;ca;5.592608;12020
-25.0085960204125;31.4974815488799;ca;4.879463;12020
-25.0082818185319;31.4975240910363;ca;5.416444;12020
-25.0083920308788;31.4970862692438;ca;4.251666;12020
-25.0084424001269;31.4971141642961;ca;1.311695;12020
-25.0079765970595;31.4972543568546;ca;2.469263;12020
-25.0078450468935;31.4972303985307;ca;3.788196;12020
-25.0079029955686;31.4974633996812;ca;3.631722;12020
-25.0086684351196;31.496959787653;ca;5.240431;12020
-25.0077782064449;31.4973025365843;ca;3.939599;12020
-25.0080190282261;31.497175721295;ca;2.988641;12020
-25.0079576757066;31.4969318070232;ca;5.260987;12020
-25.0084498813974;31.4970327076323;ca;3.523702;12020
-25.0082694281813;31.4974039783033;ca;5.48088;12020
-25.0078090444739;31.4974078178568;ca;5.623822;12020
-25.008516717774;31.4972550222996;ca;2.9356;12020
-25.0082893334397;31.4971684874835;ca;3.040568;12020
-25.0085682485684;31.4974648036522;ca;5.382784;12020
-25.0084647150976;31.4975468862036;ca;4.482027;12020
-25.0084370192985;31.4974151252284;ca;5.880018;12020
-25.0077673047584;31.4970753582093;ca;3.790906;12020
-25.0082829153137;31.4974927313556;ca;2.548427;12020
-25.0078689457024;31.4967364264141;ca;3.833881;12020
-25.0082998753543;31.4973280781384;ca;1.711004;12020
-25.0078028021433;31.4968061824474;ca;2.317744;12020
-25.0086164455398;31.4974790154471;ca;4.825446;12020
-25.0082294337389;31.49727208976;ca;4.222185;12020
-25.0086195826881;31.497174881659;ca;3.501852;12020
-25.0082356948942;31.4970860225582;ca;5.476933;12020
-25.0086798278258;31.4975863916076;ca;3.617774;12020
-25.0086072430617;31.4976023040566;ca;1.065968;12020
-25.0078175454661;31.4976152275841;ca;2.943072;12020
-25.0081207421598;31.4975190153929;ca;4.478943;12020
-25.0080575435687;31.4971994478144;ca;4.822089;12020
-25.0086880588327;31.4969566270246;ca;5.31708;12020
-25.0077869813244;31.4975214374152;ca;5.348795;12020
-25.008054963735;31.4967094585315;ca;2.966324;12020
-25.0079900507989;31.4975549696547;ca;2.183345;12020
-25.0080718631605;31.4974115823572;ca;2.102118;12020
-25.0079990172113;31.4974287019072;ca;5.729112;12020
-25.0086351075372;31.4973550134083;ca;2.688081;12020
-25.0086950105025;31.4970192972516;ca;4.903248;12020
-25.0085306420086;31.4972039860654;ca;5.744415;12020
-25.0079205428453;31.4967850634287;ca;2.925689;12020
-25.0083851497997;31.497444505336;ca;1.001083;12020
-25.0081322134302;31.4973056357837;ca;5.294505;12020
-25.0081088834632;31.4969219501286;ca;3.126201;12020
-25.0085099327188;31.4974723597748;ca;1.877852;12020
-25.0084958625542;31.4974322951237;ca;3.54812;12020
-25.0083313654669;31.4970120804174;ca;4.80253;12020
-25.0082080834503;31.4974057294971;ca;4.016943;12020
-25.0083011359791;31.4970929889175;ca;4.728436;12020
-25.0079031819749;31.4971469112072;ca;5.941376;12020
-25.0078171957027;31.4974827745386;ca;5.444567;12020
-25.0082494640073;31.4971791831327;ca;1.103388;12020
-25.0086733402806;31.497604727056;ca;4.728344;12020
-25.0079800200259;31.4973123387225;ca;5.340181;12020
-25.0083593125705;31.4968610452183;ca;1.887895;12020
-25.0078702540343;31.4973842209227;ca;4.404893;12020
-25.0079265527603;31.4976140821757;ca;3.131061;12020
-25.0086158560114;31.4972962522654;ca;4.827478;12020
-25.0086408256884;31.4969543966815;ca;2.986727;12020
-25.0082101509757;31.4968688777531;ca;4.855059;12020
-25.0078815446876;31.497401043416;ca;2.86765;12020
-25.0084442076404;31.4972694499474;ca;1.721602;12020
-25.0086273977852;31.4969627912774;ca;1.670714;12020
-25.0082241934536;31.4968683528114;ca;4.123232;12020
-25.0078624527917;31.497067082225;ca;4.963211;12020
-25.007939488241;31.4974405412913;ca;1.704899;12020
-25.0078370683978;31.4973083425247;ca;1.869421;12020
-25.0084547541566;31.4967385072034;ca;1.590087;12020
-25.0079744152847;31.496769408183;ca;4.66882;12020
-25.0079473409558;31.4974787437375;ca;4.872059;12020
-25.0087043503157;31.4974062568719;ca;3.699897;12020
-25.0084718998335;31.4970191465774;ca;3.559258;12020
-25.0080128918758;31.4970356261004;ca;4.780999;12020
-25.0081757927202;31.4970654441113;ca;3.313811;12020
-25.0085535740897;31.4974352666128;ca;1.950157;12020
-25.0082699672936;31.4969023528299;ca;1.705716;12020
-25.0086475348564;31.4970666365581;ca;3.030602;12020
-25.0079262106496;31.4975070617326;ca;1.430214;12020
-25.0083178781535;31.4970420176716;ca;1.609517;12020
-25.0082244546013;31.4969489566784;ca;5.790357;12020
-25.008466486679;31.4968044824138;ca;3.40946;12020
-25.0083667009618;31.497468919815;ca;2.334774;12020
-25.0080557800937;31.4973533213317;ca;2.537211;12020
-25.0079523248822;31.4973880143642;ca;1.672767;12020
-25.0082473264271;31.4970672305173;ca;3.300807;12020
-25.0083829978046;31.4968973671449;ca;1.290839;12020
-25.0079220904028;31.4972615630386;ca;5.554588;12020
-25.0084566214739;31.4972734680085;ca;5.994854;12020
-25.0080995909286;31.4973084148166;ca;4.283568;12020
-25.0084643159858;31.4969185769689;ca;3.979726;12020
-25.0082558039551;31.497452795634;ca;1.047098;12020
-25.0082907659921;31.4973920301027;ca;4.182373;12020
-25.0081094781446;31.4975896102565;ca;5.588542;12020
-25.0085126635904;31.4970246144793;ca;2.799481;12020
-25.0080917170862;31.4970107246684;ca;1.790286;12020
-25.0084676460057;31.4970927259148;ca;4.002884;12020
-25.0079619552167;31.4967013846775;ca;5.440484;12020
-25.0082603211694;31.4968943789362;ca;1.103784;12020
-25.0086237426741;31.4969527877038;ca;1.149683;12020
-25.0080240464241;31.4972762951809;ca;3.754448;12020
-25.008395105504;31.4976002405304;ca;5.171391;12020
-25.0078947839503;31.4975291428327;ca;1.994461;12020
-25.0079755201104;31.4971236164311;ca;5.452116;12020
-25.0085324604223;31.4971945877234;ca;4.605205;12020
-25.0084532290414;31.4972212029;ca;4.555906;12020
-25.0079939294765;31.4970914135703;ca;1.96421;12020
-25.00850130406;31.4972389572318;ca;2.482254;12020
-25.0083177145334;31.4973795331829;ca;3.271698;12020
-25.0081952259904;31.4974872160163;ca;1.630772;12020
-25.0078439462587;31.4968873817358;ca;1.10402;12020
-25.0081872512198;31.4975090206216;ca;3.172626;12020
-25.0083000655052;31.4974876465631;ca;4.458554;12020
-25.0078392888402;31.4971417282938;ca;4.101321;12020
-25.0079169116723;31.4972205790002;ca;1.356482;12020
-25.0081889524178;31.4976110134515;ca;4.215096;12020
-25.0081033262422;31.4970104603978;ca;3.670813;12020
-25.0077667320753;31.4972620346019;ca;4.055448;12020
-25.0082372956371;31.4968255096401;ca;4.001635;12020
-25.0077821301257;31.4973720535587;ca;2.662504;12020
-25.0078600112525;31.4967908214115;ca;1.885533;12020
-25.0083318285479;31.4972678197333;ca;4.157492;12020
-25.007951072185;31.4968990570165;ca;4.823024;12020
-25.0079361333198;31.4974499411223;ca;1.016586;12020
-25.00788237992;31.4971608045699;ca;1.674187;12020
-25.0081674179261;31.4974772861291;ca;5.234083;12020
-25.0081429307576;31.4973255962059;ca;5.860165;12020
-25.0082232567822;31.4972337338289;ca;5.990364;12020
-25.0079078251532;31.4973868633798;ca;4.597281;12020
-25.0084851096392;31.4975548452924;ca;1.086464;12020
-25.0078673526224;31.4974961274712;ca;1.951992;12020
-25.0080137826501;31.4975678155823;ca;5.817054;12020
-25.0080906928963;31.4970346261455;ca;1.345474;12020
-25.0079001151663;31.4968235585708;ca;1.860222;12020
-25.007982169599;31.4967235212294;ca;1.55083;12020
-25.0079624708947;31.4971145155391;ca;3.023504;12020
-25.0082785928572;31.4968401969012;ca;2.722215;12020
-25.0086842825602;31.4973666006578;ca;2.968159;12020
-25.007889313716;31.4974610754937;ca;4.269146;12020
-25.0086953181656;31.4973963906989;ca;2.954447;12020
-25.0081493231205;31.4970659364006;ca;5.948953;12020
-25.0079870386385;31.4970211383787;ca;4.933334;12020
-25.0082023093889;31.4974395359355;ca;3.894217;12020
-25.0086955419783;31.4974075464027;ca;1.155395;12020
-25.0086274584974;31.4972962989332;ca;3.073484;12020
-25.0085079695073;31.4971176927908;ca;4.478574;12020
-25.0078743026204;31.4975365579923;ca;4.345393;12020
-25.0086333359139;31.4971324051909;ca;1.29453;12020
-25.0082160281483;31.4974800070947;ca;4.031954;12020
-25.0084294143544;31.4968418710696;ca;4.870046;12020
-25.0083597900606;31.4966909963375;ca;2.413989;12020
-25.0081482590304;31.4966742965383;ca;1.188711;12020
-25.0084324547967;31.4970316526271;ca;3.802606;12020
-25.0082925783836;31.4970378545217;ca;2.663921;12020
-25.0084645867436;31.4976043743272;ca;3.19393;12020
-25.0085811403783;31.4973683431264;ca;1.485234;12020
-25.0077614117439;31.4973845817222;ca;3.715128;12020
-25.0081261410763;31.4970657265044;ca;2.245811;12020
-25.0085017443007;31.4973774486556;ca;5.352501;12020
-25.0083066007448;31.4967225399025;ca;3.09321;12020
-25.0084959924872;31.497036069323;ca;2.309783;12020
-25.0085947335579;31.497424406841;ca;5.184481;12020
-25.0083191676411;31.4967110255364;ca;4.401462;12020
-25.0078843414026;31.4969314566625;ca;5.914565;12020
-25.0082873745096;31.4975917191573;ca;4.878714;12020
-25.008475282568;31.4969434729226;ca;3.005016;12020
-25.0078101064696;31.49705690048;ca;2.759276;12020
-25.0083458726097;31.4976154349107;ca;5.158094;12020
-25.0080296812901;31.4975542264854;ca;1.546018;12020
-25.0085003624559;31.4968863797118;ca;1.4973;12020
-25.0078483106817;31.4970063431326;ca;5.617403;12020
-25.0077798063403;31.4973631343411;ca;2.996496;12020
-25.0081641432605;31.4971881030359;ca;1.867906;12020
-25.0083958575848;31.4976151535037;ca;1.604808;12020
-25.0085666498673;31.4974765419415;ca;1.128588;12020
-25.0082486897725;31.4968649484744;ca;4.839414;12020
-25.0083842437399;31.4969355489266;ca;3.653885;12020
-25.0085381762006;31.497405026671;ca;5.553858;12020
-25.0079277199558;31.497170243055;ca;4.735194;12020
-25.0083414218246;31.4967182509905;ca;4.376957;12020
-25.0086628081642;31.4975017194783;ca;1.423882;12020
-25.0082059670534;31.4969171034459;ca;4.408766;12020
-25.0077847132151;31.4973350571828;ca;3.586869;12020
-25.0086334669489;31.4970977606094;ca;4.067667;12020
-25.0081917677783;31.4971432785007;ca;3.860848;12020
-25.0082142999742;31.4976167020816;ca;4.375131;12020
-25.0083390509193;31.4975561823086;ca;1.353092;12020
-25.0080978581508;31.4973235170153;ca;1.161514;12020
-25.0083761659594;31.4967874305202;ca;1.448862;12020
-25.0087125034271;31.497505897014;ca;5.145724;12020
-25.0083305857425;31.4974260172648;ca;2.742273;12020
-25.0081573483986;31.4971801127003;ca;5.792646;12020
-25.0079584007556;31.4970639958116;ca;2.433973;12020
-25.0080854517189;31.4973153155295;ca;5.500461;12020
-25.0084648592734;31.4975865110216;ca;3.342375;12020
-25.0083371277146;31.4971031013392;ca;3.86202;12020
-25.0085202459175;31.4975282684575;ca;5.046657;12020
-25.0084608084797;31.4967824789686;ca;5.089495;12020
-25.0077822465845;31.4968171772713;ca;5.488365;12020
-25.0084230523223;31.4973083590058;ca;3.583949;12020
-25.0080967716469;31.4967727106499;ca;5.339776;12020
-25.008164336515;31.4974023764954;ca;4.888931;12020
-25.0081159586203;31.4975525690517;ca;4.46167;12020
-25.0082064354885;31.4971701832834;ca;1.608463;12020
-25.007939567564;31.4971489297756;ca;2.391601;12020
-25.0085270242117;31.4972831351155;ca;5.326017;12020
-25.0083400098244;31.4974412031031;ca;2.14264;12020
-25.0079026732624;31.4967419272146;ca;2.696361;12020
-25.0085802106681;31.4970950567634;ca;4.648999;12020
-25.0087027693627;31.4972900772105;ca;4.80323;12020
-25.0082547018269;31.4970831884189;ca;2.317918;12020
-25.0083543533966;31.496746685653;ca;1.488364;12020
-25.0085318599866;31.4973280785244;ca;5.619116;12020
-25.008244267905;31.497064215999;ca;1.853425;12020
-25.0081360024668;31.4969880798908;ca;4.907542;12020
-25.0086423325241;31.4968915617372;ca;1.369917;12020
-25.0082010507269;31.4975824635062;ca;2.069978;12020
-25.0082515341687;31.4974162033691;ca;1.378282;12020
-25.0081638665442;31.4971786333476;ca;4.484101;12020
-25.0079246252002;31.496700358021;ca;5.156253;12020
-25.0080208470857;31.4970804741042;ca;1.425456;12020
-25.0079303419467;31.4974050512621;ca;1.880438;12020
-25.0079063669697;31.4970954763132;ca;2.948896;12020
-25.0078445804818;31.4975625985426;ca;3.039516;12020
-25.0086239606205;31.4967630828983;ca;1.3523;12020
-25.0081548711305;31.4968760296524;ca;3.539859;12020
-25.0081434169132;31.4971011548175;ca;5.199891;12020
-25.0081975171742;31.4972446444693;ca;2.832697;12020
-25.0080875748322;31.497191961468;ca;5.503267;12020
-25.0082329080001;31.4967369236362;ca;5.502957;12020
-25.008511043791;31.4969596845013;ca;2.130107;12020
-25.0080430877318;31.4966854124858;ca;5.931395;12020
-25.0081984265676;31.4971411727936;ca;3.6187;12020
-25.0082170363884;31.4969507976438;ca;1.933221;12020
-25.0079428621038;31.4975204832734;ca;2.840283;12020
-25.008330153845;31.4971491045808;ca;3.167358;12020
-25.0077909878192;31.4976003387628;ca;2.9005;12020
-25.0081587842343;31.4975995898756;ca;3.273595;12020
-25.0083295643706;31.4974319309005;ca;2.590264;12020
-25.0078478939484;31.4972962938043;ca;2.998772;12020
-25.0080439964307;31.496716222241;ca;1.745121;12020
-25.0078150176245;31.4971338113548;ca;2.057265;12020
-25.0086208516658;31.4970989808936;ca;2.021673;12020
-25.0085883529466;31.496743199366;ca;4.259969;12020
-25.0086854944959;31.4975003585829;ca;4.897204;12020
-25.0084511486026;31.4968715338088;ca;5.047522;12020
-25.0082686555011;31.4969190586986;ca;4.907774;12020
-25.0085149652429;31.4969436514828;ca;1.887306;12020
-25.008061685989;31.497269020262;ca;1.979243;12020
-25.0084384666612;31.4967316761552;ca;1.796157;12020
-25.0082649554706;31.4973958444833;ca;3.028315;12020
-25.008695949903;31.497598029966;ca;5.869274;12020
-25.0083918622911;31.4974128173303;ca;3.660197;12020
-25.0085869615677;31.4975786142254;ca;1.619986;12020
-25.0083031231018;31.4967237765421;ca;3.76928;12020
-25.0084085303905;31.4974413343843;ca;4.014852;12020
-25.0081091846725;31.4975461794769;ca;4.235754;12020
-25.0079194759628;31.4966854836922;ca;4.390643;12020
-25.0078258578115;31.4972614059445;ca;5.575109;12020
-25.0079722077646;31.4971037414892;ca;2.737023;12020
-25.0082606291062;31.4975846355395;ca;5.236864;12020
-25.0081754698701;31.4967470596464;ca;1.944915;12020
-25.0083825435561;31.4968143450204;ca;1.488574;12020
-25.0083333605466;31.4971436035735;ca;4.630802;12020
-25.0081528294787;31.4973757807288;ca;2.434668;12020
-25.0085995124691;31.4970420243688;ca;5.333178;12020
-25.0081848433838;31.4971560580909;ca;4.941551;12020
-25.0079538563624;31.4974812223605;ca;1.016946;12020
-25.0081810720868;31.4971436895861;ca;2.27689;12020
-25.0079602432237;31.4968726646753;ca;1.327693;12020
-25.0085779493519;31.4972497920809;ca;1.348256;12020
-25.0085240557126;31.4967599393177;ca;2.66551;12020
-25.0078992092291;31.4973488599353;ca;1.21572;12020
-25.0081380205769;31.4974596127439;ca;1.862455;12020
-25.0085548244326;31.4974679961351;ca;5.831363;12020
-25.0087047848639;31.4972102303473;ca;3.52332;12020
-25.008274078484;31.4967025668393;ca;4.352324;12020
-25.0078606744877;31.4969975478868;ca;1.933594;12020
-25.0081374631058;31.4970863666042;ca;2.945448;12020
-25.00778064574;31.4975160297694;ca;4.24205;12020
-25.0079644599589;31.4971260175187;ca;5.30487;12020
-25.008283017437;31.4974341748369;ca;2.991834;12020
-25.0084990496924;31.4973520262535;ca;3.888714;12020
-25.0081124351867;31.4970090408431;ca;3.040989;12020
-25.0078677368717;31.497153373752;ca;4.591562;12020
-25.0085768726364;31.4967335743663;ca;4.629985;12020
-25.0086653912255;31.4972751631454;ca;5.813323;12020
-25.0081370653113;31.4975106394385;ca;3.218132;12020
-25.0085907339439;31.496978904165;ca;5.854172;12020
-25.0080957479438;31.4973456856075;ca;1.776926;12020
-25.0084806763156;31.4966809468798;ca;3.579394;12020
-25.0085431975561;31.4970540979067;ca;2.113177;12020
-25.0085872302106;31.4974572004677;ca;3.802112;12020
-25.0085090824729;31.4970026336008;ca;4.995318;12020
-25.0082439981449;31.4975444040099;ca;2.328661;12020
-25.008493437287;31.4966955179491;ca;2.743012;12020
-25.0081047503432;31.4969389146415;ca;1.105336;12020
-25.0087106899532;31.4972304190517;ca;4.220951;12020
-25.008667542514;31.4969896335089;ca;5.854674;12020
-25.0079894547985;31.4975565605299;ca;4.818249;12020
-25.0081186732506;31.4971137082381;ca;3.449277;12020
-25.0078057242255;31.4975024172931;ca;2.74124;12020
-25.0080297376438;31.4975261520152;ca;3.104182;12020
-25.0079409296933;31.4969477233618;ca;5.210411;12020
-25.0086065179814;31.4968969927098;ca;3.776606;12020
-25.008362867501;31.497114300074;ca;5.760378;12020
-25.0078725975507;31.4969099610252;ca;2.814381;12020
-25.0083151298914;31.4972439291783;ca;4.294489;12020
-25.0078458252577;31.4967493050886;ca;3.152098;12020
-25.0084595319248;31.497472769904;ca;2.400364;12020
-25.0081294775184;31.4967979811323;ca;2.327712;12020
-25.0080708682386;31.4968077635003;ca;2.8662;12020
-25.0079113890683;31.4971484737319;ca;3.521921;12020
-25.0080934875571;31.4975589448368;ca;3.809355;12020
-25.0081607480391;31.49706168376;ca;5.092263;12020
-25.0085142436639;31.4969488823921;ca;3.986176;12020
-25.0080363055123;31.4969726724809;ca;3.473219;12020
-25.0085715435192;31.4971792950555;ca;1.378801;12020
-25.0082343745758;31.49751289032;ca;5.966862;12020
-25.0083818497797;31.496712249477;ca;4.849092;12020
-25.0085838487167;31.4969747438651;ca;4.574427;12020
-25.0081494818864;31.4974736947096;ca;4.756691;12020
-25.0085381365616;31.4975561966878;ca;2.430239;12020
-25.0084784163955;31.4974159848477;ca;5.256198;12020
-25.0079003921349;31.4967752047719;ca;1.920588;12020
-25.0085395689322;31.4971948356707;ca;3.431573;12020
-25.0081293424859;31.4975357364187;ca;5.346551;12020
-25.0085871356115;31.4966943850751;ca;5.42312;12020
-25.0078403392867;31.4975425504365;ca;1.057748;12020
-25.0080013366105;31.4970701365263;ca;4.15092;12020
-25.0080498326286;31.497137520266;ca;4.722049;12020
-25.0080646366807;31.4968246887909;ca;3.34385;12020
-25.0080414335021;31.4971186086992;ca;1.629929;12020
-25.0084887035618;31.4974367485787;ca;4.189833;12020
-25.0082883906917;31.4968136228864;ca;1.131681;12020
-25.0079511384412;31.4973064124953;ca;5.224359;12020
-25.0078237591003;31.4968036197493;ca;3.788728;12020
-25.0078697076341;31.4972273951988;ca;2.862197;12020
-25.0079247459761;31.496880760418;ca;3.361036;12020
-25.0080988964707;31.497371818886;ca;5.850022;12020
-25.0084311943476;31.4970788574771;ca;1.221576;12020
-25.0078957339965;31.4970503741411;ca;5.318499;12020
-25.008204117642;31.49752240687;ca;2.671656;12020
-25.008325525822;31.4975278213115;ca;1.968954;12020
-25.0080813705445;31.4969504995506;ca;1.687061;12020
-25.008405860171;31.4969931355625;ca;2.227235;12020
-25.0083553872085;31.4968652179777;ca;1.582247;12020
-25.0085487505296;31.4969534874414;ca;5.972054;12020
-25.0081135242717;31.4969223634213;ca;2.503073;12020
-25.0086348296533;31.4974802334185;ca;17.36493;12020
-25.0080730194919;31.4973181956884;ca;15.28041;12020
-25.0082065147714;31.4975172667166;ca;18.04519;12020
-25.008472185784;31.4974082519017;ca;15.80993;12020
-25.0078005380778;31.4970933742345;ca;16.06783;12020
-25.0083610242666;31.4969109767088;ca;18.10077;12020
-25.0084447854172;31.4975211245594;ca;13.01829;12020
-25.0082408297814;31.4968021281965;ca;15.71334;12020
-25.0080545979711;31.4972563770327;ca;17.26437;12020
-25.0078329605246;31.4969317538704;ca;18.20586;12020
-25.0087150199709;31.4970089623145;ca;16.66356;12020
-25.0085644808695;31.4975446324704;ca;17.66938;12020
-25.0084007713427;31.4972631632947;ca;14.03909;12020
-25.0080506137532;31.4973853207644;ca;13.30501;12020
-25.0083602218382;31.4976006523203;ca;13.47319;12020
-25.0084699731355;31.4969552965242;ca;15.39143;12020
-25.0085253585125;31.497463404005;ca;18.38633;12020
-25.0083812362786;31.4970681286771;ca;14.07792;12020
-25.0085063361642;31.497060606646;ca;17.5175;12020
-25.0082912079731;31.4973166658666;ca;17.24834;12020
-25.0083953253151;31.4967507116796;ca;13.72843;12020
-25.0083341563491;31.4970887648458;ca;13.80639;12020
-25.0083655653965;31.4972248544679;ca;16.91512;12020
-25.008565461903;31.4971802072156;ca;14.89944;12020
-25.0084197798816;31.4967616779577;ca;15.09473;12020
-25.0085996830433;31.4975916924964;ca;18.71212;12020
-25.00819726546;31.4971838756702;an;4.267564;12020
-25.0078894423691;31.4975797134863;an;5.525839;12020
-25.0080827664194;31.4969273890323;an;4.526052;12020
-25.0086209335414;31.4968281153327;an;2.960696;12020
-25.0084471574022;31.4973246992417;an;5.427549;12020
-25.0078606159719;31.4967828265876;an;3.04747;12020
-25.0080932559399;31.4974888878786;an;5.248416;12020
-25.0083415951039;31.4972492030326;an;1.363712;12020
-25.0079264812919;31.4973532127096;an;4.960459;12020
-25.00776836511;31.4971522885476;an;2.893227;12020
-25.00803991641;31.4972159253581;an;5.713841;12020
-25.0083298391325;31.4974856940673;an;4.869143;12020
-25.0083219646102;31.4970169710393;an;5.994112;12020
-25.0081662253487;31.4972684041248;an;1.67959;12020
-25.0080965066961;31.4972053467463;an;1.640926;12020
-25.0083019297532;31.497352321482;an;4.297407;12020
-25.0083855439435;31.4975294032212;an;5.875421;12020
-25.0086641173003;31.4974661251627;an;2.338114;12020
-25.0079663772554;31.4969743050479;an;5.691663;12020
-25.008606921915;31.4969235371017;an;3.409297;12020
-25.0085657114239;31.4973620065158;an;2.449659;12020
-25.0086350127896;31.4970191957279;an;1.191069;12020
-25.0081155435966;31.4973180282955;an;2.137035;12020
-25.0080784251266;31.4969776055899;an;2.854333;12020
-25.0079944732835;31.4974235089023;an;1.135381;12020
-25.0081511951539;31.4968214914876;an;5.50451;12020
-25.0083951912571;31.4971388461564;an;1.305888;12020
-25.0080085886586;31.4967647456855;an;2.839694;12020
-25.0085060337846;31.496911858572;an;2.442913;12020
-25.0080185862054;31.497084678111;an;3.55339;12020
-25.0086121047521;31.4966812052083;an;3.810751;12020
-25.008650942084;31.4973612817133;an;4.202038;12020
-25.0083901622192;31.4974203871394;an;2.649531;12020
-25.0078635965293;31.496808247421;an;4.508809;12020
-25.0080516894541;31.4976238848127;an;2.130521;12020
-25.0082428666057;31.497363867756;an;4.027303;12020
-25.007864318102;31.4969122416128;an;1.935622;12020
-25.0082887905511;31.4967593517129;an;4.099641;12020
-25.0085635785972;31.496904478058;an;4.056245;12020
-25.0077979154231;31.4975609762668;an;3.047368;12020
-25.0080356039706;31.4975954325541;an;3.419431;12020
-25.0078871316683;31.4967835741726;an;1.756262;12020
-25.0082923145829;31.4975601560882;an;2.359901;12020
-25.0082546744001;31.496697832058;an;3.736895;12020
-25.0080227816253;31.4967392854481;an;1.51514;12020
-25.0084582564362;31.4971182038174;an;5.830104;12020
-25.0081755940126;31.4972827433536;an;3.335229;12020
-25.008483779363;31.4970524532412;an;2.982845;12020
-25.0084475425775;31.4967772436695;an;2.035046;12020
-25.0084476341786;31.4970914789033;an;1.011723;12020
-25.0084859370764;31.4972377432308;an;5.384885;12020
-25.0077932663883;31.4975231439288;an;1.64842;12020
-25.0077814576581;31.4967419557211;an;1.760696;12020
-25.0079958690126;31.4966813971802;an;5.20422;12020
-25.0080275164498;31.4968197573176;an;5.695091;12020
-25.0084152234246;31.4972480757543;an;1.5518;12020
-25.0082177279661;31.496904199764;an;5.684903;12020
-25.0086463421185;31.4970751109188;an;4.746304;12020
-25.0081773647813;31.4975402581663;an;1.7897;12020
-25.0078483636576;31.4967670000273;an;2.225512;12020
-25.0082356959543;31.4971862255107;an;3.673848;12020
-25.0077642654894;31.4969279924184;an;5.420962;12020
-25.0083674675596;31.4969869555726;an;1.357455;12020
-25.0084635440505;31.4968289410201;an;5.718749;12020
-25.008253185165;31.4969398008133;an;4.276513;12020
-25.0084485302325;31.4969963494659;an;3.368335;12020
-25.0085400274817;31.4975346891811;an;2.000051;12020
-25.0080226322942;31.4971650141527;an;2.44692;12020
-25.0082939210142;31.4969351895385;an;3.247785;12020
-25.0082009848626;31.4970609888513;an;1.099779;12020
-25.0084614074331;31.4971479515515;an;3.248144;12020
-25.0083764782659;31.4968800260455;an;3.056751;12020
-25.007797843071;31.4974200774416;an;4.642981;12020
-25.0086449139568;31.4971529095605;an;5.615536;12020
-25.007848503366;31.4968290022561;an;2.257491;12020
-25.0081657775527;31.4973409745347;an;3.083325;12020
-25.0081358252128;31.4974092688737;an;5.604467;12020
-25.008065207182;31.4969122530248;an;3.722788;12020
-25.0085684173683;31.4967369543752;an;5.74151;12020
-25.0084486127625;31.4974991332777;an;5.072605;12020
-25.0080930354912;31.4972080764847;an;4.546219;12020
-25.007780914876;31.4974191101984;an;4.555654;12020
-25.0079945460688;31.4967751584597;an;4.200403;12020
-25.0083994955139;31.4966911903459;an;5.499911;12020
-25.0079412446274;31.4970792337873;an;3.92216;12020
-25.0078549592511;31.4975457984925;an;2.611009;12020
-25.0085238642422;31.4967589188747;an;2.10136;12020
-25.0084681724466;31.4968682482728;an;3.347919;12020
-25.0077873359059;31.4967919645896;an;2.884437;12020
-25.0084448345177;31.4975442776771;an;3.0478;12020
-25.0084863735041;31.4974977031224;an;5.793109;12020
-25.00836493306;31.4973861059386;an;4.497098;12020
-25.0078108845842;31.4972528316628;an;4.736981;12020
-25.0085549981108;31.4976241602059;an;4.054452;12020
-25.0081793331039;31.4969214978898;an;4.660296;12020
-25.0083388485144;31.4970845940568;an;3.579443;12020
-25.0086702642129;31.4970185712155;an;5.848625;12020
-25.0082392523074;31.4974466436438;an;2.049742;12020
-25.0082469499685;31.4976170174539;an;1.141871;12020
-25.0078626685483;31.4969460769243;an;4.672615;12020
-25.0079432948956;31.4971326230009;an;2.723822;12020
-25.0083948312632;31.4972593870146;an;4.259287;12020
-25.0078931681439;31.4969960348894;an;5.956874;12020
-25.0084852297723;31.4974573097063;an;4.350305;12020
-25.0079857031553;31.4969078538466;an;2.468278;12020
-25.0080763495684;31.4976236218854;an;1.697891;12020
-25.0082356210167;31.4975684037385;an;5.108462;12020
-25.0077995360423;31.497075593503;an;1.504377;12020
-25.0080099894092;31.496870227961;an;2.369001;12020
-25.0080146962813;31.4972987387927;an;1.623583;12020
-25.0083195108962;31.4968250207242;an;2.026274;12020
-25.0080868923541;31.4973543181296;an;4.949405;12020
-25.008451136501;31.4967962000884;an;2.745813;12020
-25.0080899244667;31.4973978433234;an;3.523192;12020
-25.0081136645277;31.4975156386089;an;4.812736;12020
-25.0083503883618;31.4969305480354;an;2.111516;12020
-25.0083190729488;31.4971386127944;an;3.380914;12020
-25.0080123750829;31.4968105013611;an;1.082573;12020
-25.0086152504241;31.4971790927027;an;5.513551;12020
-25.0077827385426;31.497589898819;an;3.579608;12020
-25.0084116197751;31.4968463601344;an;2.278946;12020
-25.0079048970915;31.4971822283807;an;2.144652;12020
-25.0084460397763;31.4966811774681;an;4.552828;12020
-25.008601139963;31.4970659715268;an;4.025231;12020
-25.0084031553928;31.4975152024794;an;4.777677;12020
-25.0084906163402;31.4971658073989;an;3.297848;12020
-25.0078456506245;31.497117133228;an;3.394497;12020
-25.0085756357324;31.4967848086791;an;5.652687;12020
-25.0086772999743;31.4968973093816;an;5.906124;12020
-25.00834543663;31.4966807841253;an;5.951866;12020
-25.0081541882543;31.4974433436863;an;16.6399;12020
-25.0079646662998;31.4976241143235;an;11.86242;12020
-25.0079914783054;31.4970079777057;an;11.40945;12020
-25.0086257010612;31.4971648022138;an;15.63175;12020
-25.007781083732;31.4973600597561;an;15.94644;12020
-25.0078021608096;31.4974911552814;an;15.62357;12020
-25.0079188598082;31.4970836262233;an;13.86271;12020
-25.0079493891907;31.4968562947133;tt;4.370842;12020
-25.007932386716;31.4971322418061;tt;4.493439;12020
-25.008012213919;31.4968293445854;tt;3.928706;12020
-25.008160278289;31.4974465105242;tt;2.679896;12020
-25.0085067134618;31.4971025165385;tt;2.36077;12020
-25.0077784044013;31.496939293905;tt;2.140766;12020
-25.0085046122778;31.497351049167;tt;2.032341;12020
-25.0085181101997;31.4968192077469;tt;4.850895;12020
-25.0080194259002;31.4976263223344;tt;3.161619;12020
-25.0085227846307;31.497619979307;tt;2.549919;12020
-25.007920582783;31.4972503341198;tt;1.695971;12020
-25.0077622785753;31.4972258523468;tt;4.983313;12020
-25.0086483618825;31.4972988057216;tt;5.274912;12020
-25.0080979923274;31.497096305004;tt;3.211096;12020
-25.0080146615434;31.4972172425047;tt;1.212874;12020
-25.0081055329273;31.4967066556061;tt;4.259683;12020
-25.0084912462842;31.4969636109166;tt;4.957388;12020
-25.0079996695013;31.4970218663317;tt;4.081149;12020
-25.0080536898157;31.4967385567056;tt;2.247615;12020
-25.0084802414441;31.4968627034592;tt;3.448085;12020
-25.008231811966;31.497062758991;tt;3.712829;12020
-25.0085075005944;31.4974336757113;tt;1.082855;12020
-25.0087155226321;31.4972826790767;tt;4.35104;12020
-25.0078661175016;31.4970737079999;tt;5.257371;12020
-25.0079298987193;31.4967273690605;tt;4.966176;12020
-25.0080173009436;31.4969736411578;tt;4.343503;12020
-25.0085610803306;31.4973440701899;tt;5.906226;12020
-25.0081033177386;31.4967780710995;tt;1.75113;12020
-25.0086511564466;31.4969407198726;tt;1.323014;12020
-25.0080568575465;31.4970965080482;tt;5.530178;12020
-25.0084015704686;31.4971681671611;tt;1.086555;12020
-25.0086110661733;31.4974089458569;tt;3.364697;12020
-25.0081732665476;31.4967045166104;tt;5.181511;12020
-25.0086138161206;31.4972171783705;tt;2.377813;12020
-25.0084418522721;31.4972447033685;tt;2.678079;12020
-25.0077934015153;31.4967467989993;tt;2.633532;12020
-25.0080900925573;31.4976185642856;tt;2.997648;12020
-25.008595352895;31.4967085271553;tt;5.351614;12020
-25.008152524576;31.4973050619567;tt;3.369064;12020
-25.0081978975487;31.4969481814584;tt;5.986382;12020
-25.0078003098745;31.4969934090731;tt;1.592147;12020
-25.0081106823466;31.4969129143837;tt;4.543621;12020
-25.0085533834885;31.497315239542;tt;4.173697;12020
-25.0082137099683;31.4969683827638;tt;5.1568;12020
-25.0082928152911;31.4967582685422;tt;1.554308;12020
-25.0082633471006;31.4968010954219;tt;2.115726;12020
-25.0086991376261;31.4967161142033;tt;1.907683;12020
-25.0083256008653;31.4969433349826;tt;4.980628;12020
-25.0079643699238;31.4968173581117;tt;2.056774;12020
-25.0080525127315;31.4969098600253;tt;2.121381;12020
-25.0079506908387;31.4975356844374;tt;4.356192;12020
-25.0083690771449;31.4968596226513;tt;4.868032;12020
-25.0084600558532;31.4972292454853;tt;1.136339;12020
-25.0086995848716;31.4968320175229;tt;5.846187;12020
-25.0079444671196;31.4974522828234;tt;3.862648;12020
-25.0079794731916;31.4975505171814;tt;3.233775;12020
-25.0078815697138;31.4974208206083;tt;5.263846;12020
-25.0078702150087;31.4968910256359;tt;1.524208;12020
-25.0087004977775;31.4973401848503;tt;2.396802;12020
-25.0084558394153;31.497433110568;tt;2.335178;12020
-25.0081639647034;31.4975911011037;tt;4.683439;12020
-25.0081991940967;31.4971635386236;tt;2.015817;12020
-25.0083028278514;31.4969876717079;tt;5.134429;12020
-25.0082290454016;31.4968610035745;tt;2.442288;12020
-25.0083212913262;31.4975441907239;tt;3.132564;12020
-25.0082069846678;31.4970160032196;tt;1.324112;12020
-25.0082412568363;31.4975943180689;tt;5.698344;12020
-25.0086025067892;31.4974431437247;tt;1.150695;12020
-25.0079400437279;31.4967640257761;tt;1.543038;12020
-25.0078822656487;31.4970288090971;tt;2.340769;12020
-25.0078860165982;31.4976139294651;tt;4.242093;12020
-25.0078926943174;31.4972263558675;tt;1.796943;12020
-25.0086418794757;31.4972268553448;tt;1.189046;12020
-25.0083483641577;31.496851810299;tt;3.382468;12020
-25.0080490788564;31.4973143715805;tt;2.428098;12020
-25.0080120077297;31.4970487337539;tt;1.017284;12020
-25.0079886863653;31.4970222662928;tt;2.210927;12020
-25.0086258282575;31.4968987434421;tt;2.386634;12020
-25.0079116576698;31.4973074894631;tt;4.03991;12020
-25.0086135258449;31.4969966741024;tt;2.492106;12020
-25.0078011513529;31.4969577052144;tt;1.103164;12020
-25.0080634892889;31.4973386374239;tt;3.727821;12020
-25.0079098678655;31.4971395078933;tt;2.711849;12020
-25.0080175694996;31.4974574013342;tt;4.67581;12020
-25.0077778305177;31.4971889238931;tt;5.248279;12020
-25.0079413454267;31.4971657440636;tt;3.819076;12020
-25.0083515938361;31.4969778545656;tt;5.485129;12020
-25.0079229075126;31.4967157698689;tt;4.34738;12020
-25.0078106726195;31.4972265562668;tt;1.563694;12020
-25.008143956942;31.4968310720645;tt;4.437648;12020
-25.0081121643883;31.497061084268;tt;3.684028;12020
-25.0086389580684;31.4970801440112;tt;5.394535;12020
-25.0086314072949;31.4976231439521;tt;2.933995;12020
-25.0084320134296;31.4973209695336;tt;5.358909;12020
-25.00863709947;31.4966771015871;tt;3.489004;12020
-25.008711917499;31.4975956808531;tt;3.315438;12020
-25.0086178629445;31.4973948030384;tt;4.659648;12020
-25.0083260228024;31.4966840800047;tt;1.87447;12020
-25.0080042442105;31.4971193681589;tt;1.942165;12020
-25.0081855431445;31.497545854914;tt;3.884743;12020
-25.0079682223551;31.4968280908753;tt;1.238748;12020
-25.0080205115977;31.4975127363125;tt;2.957098;12020
-25.0084993790423;31.4970167988076;tt;5.282366;12020
-25.0085287660103;31.4968549569962;tt;3.083484;12020
-25.0084909518202;31.4975972981199;tt;4.401896;12020
-25.0083890947388;31.4976157928179;tt;4.32356;12020
-25.0087098607338;31.4966798101479;tt;5.585911;12020
-25.0080467159527;31.4975201111788;tt;5.934156;12020
-25.0085570626458;31.4966964435121;tt;3.450976;12020
-25.0080406329225;31.4972964982341;tt;1.183481;12020
-25.0079399710099;31.4968812917368;tt;4.028272;12020
-25.0077633822277;31.4976072762509;tt;3.786085;12020
-25.0087091196258;31.4966970779875;tt;4.271465;12020
-25.0080155431882;31.4975493883361;tt;5.677456;12020
-25.0079842329148;31.4974968812599;tt;2.821315;12020
-25.0078083616758;31.4974730916909;tt;5.871525;12020
-25.0077799370352;31.4972961649805;tt;2.660796;12020
-25.0082065614798;31.4967151761781;tt;1.02483;12020
-25.0081342393671;31.4971081088362;tt;4.260808;12020
-25.0085898987356;31.4974657126881;tt;1.174979;12020
-25.0081257307081;31.4969182980005;tt;4.012834;12020
-25.0078590011841;31.4974214134651;tt;5.878454;12020
-25.0084024638761;31.4975480001111;tt;3.293605;12020
-25.0078483081299;31.4973980826346;tt;2.887691;12020
-25.0079023154377;31.4970703102223;tt;1.270277;12020
-25.0080241716267;31.4975709723229;tt;1.998918;12020
-25.0080900537105;31.4969204594144;tt;2.493798;12020
-25.0086448198351;31.4972738241659;tt;2.30854;12020
-25.0078232440063;31.4968226163315;tt;5.729656;12020
-25.0082235052871;31.4967122423175;tt;4.219956;12020
-25.0079876773245;31.4970982034959;tt;5.756532;12020
-25.0078943034395;31.4968751563218;tt;1.717333;12020
-25.0079203568403;31.4970722774375;tt;3.548927;12020
-25.008135398606;31.4966715469476;tt;4.978878;12020
-25.0083229223575;31.4970473938739;tt;1.534358;12020
-25.008503104308;31.4973183834909;tt;4.128709;12020
-25.0081524910475;31.4969948029476;tt;4.840421;12020
-25.0077893324541;31.4969534753973;tt;4.82564;12020
-25.0083579479215;31.4976043230168;tt;2.901359;12020
-25.0082321007099;31.4972605485921;tt;3.177994;12020
-25.0080751377147;31.4968188376316;tt;2.400961;12020
-25.0087066310233;31.4969758091325;tt;5.797285;12020
-25.0086429320512;31.4974959328677;tt;4.550596;12020
-25.0080020988805;31.497531148719;tt;5.631183;12020
-25.0084615334155;31.4967655570677;tt;1.222552;12020
-25.0080715540566;31.4967963214929;tt;2.623331;12020
-25.0078984377275;31.4972509718144;tt;2.449895;12020
-25.0078618197718;31.4967243313536;tt;1.625261;12020
-25.0085107529336;31.4967973342467;tt;5.8864;12020
-25.0078887514722;31.4969916279993;tt;5.005507;12020
-25.0085473187667;31.4974957013008;tt;3.32714;12020
-25.0081478294034;31.4968079787705;tt;5.217434;12020
-25.0084023738371;31.4969540091546;tt;1.227894;12020
-25.0080892400472;31.4967938019333;tt;1.348708;12020
-25.0082976782725;31.4970706604663;tt;2.479959;12020
-25.0086190232912;31.4966784036175;tt;1.463095;12020
-25.0078181418821;31.4968238866635;tt;3.968145;12020
-25.0086468143554;31.4974113541485;tt;3.682778;12020
-25.0086686726877;31.4973848811671;tt;5.233357;12020
-25.0086835417032;31.49735179192;tt;4.953404;12020
-25.0079754497885;31.4974876352318;tt;2.011023;12020
-25.0081728939728;31.4974511702216;tt;2.726803;12020
-25.0082451807908;31.4975768882785;tt;4.475972;12020
-25.0086619975163;31.4973167790858;tt;3.896649;12020
-25.0077650918664;31.4973250802225;tt;2.758846;12020
-25.0084119678623;31.4967630799182;tt;1.203913;12020
-25.0079086346069;31.4970940289314;tt;3.222047;12020
-25.0084152747221;31.4975275536341;tt;4.077533;12020
-25.0085456678493;31.4967974303562;tt;4.382259;12020
-25.0079830974302;31.4974115735674;tt;4.232882;12020
-25.0086961625123;31.4968449052173;tt;1.591089;12020
-25.0077697022907;31.4971364074783;tt;4.280241;12020
-25.0087155115237;31.4973717223552;tt;3.687977;12020
-25.0086199081782;31.4976073629081;tt;2.716543;12020
-25.0086154136189;31.4969782222125;tt;5.534139;12020
-25.008066857794;31.4975959877597;tt;2.970289;12020
-25.0085214172535;31.4973649591909;tt;3.630823;12020
-25.0086355845226;31.4971001306053;tt;4.495327;12020
-25.008271678498;31.4974770654656;tt;5.916361;12020
-25.008551543014;31.4972291013367;tt;1.074157;12020
-25.007842410843;31.4969452328656;tt;4.452111;12020
-25.0086683598418;31.4967149049906;tt;2.892905;12020
-25.0086457244661;31.4969246934242;tt;3.030386;12020
-25.0085432982341;31.4971329660603;tt;5.667199;12020
-25.0086172254501;31.4970935565777;tt;4.502283;12020
-25.0086576504812;31.4968871615435;tt;3.281588;12020
-25.008379693439;31.4966874200247;tt;2.646642;12020
-25.0079135969544;31.4967476161363;tt;5.512661;12020
-25.0079211307862;31.4970262529224;tt;5.147822;12020
-25.0080594346751;31.49699112969;tt;4.052384;12020
-25.0080155384422;31.4974378260583;tt;3.673813;12020
-25.0084139119852;31.4968375240336;tt;2.37354;12020
-25.0082206233994;31.4974762683752;tt;3.66028;12020
-25.0082834845235;31.4972629638106;tt;4.478489;12020
-25.0080492876122;31.4973169236521;tt;2.224198;12020
-25.0078649351451;31.4968405615872;tt;5.693265;12020
-25.0079868670332;31.4967898563495;tt;5.425537;12020
-25.0081703387262;31.497148212376;tt;2.650959;12020
-25.0078744762844;31.4971689419362;tt;1.75426;12020
-25.0078891828169;31.4974680214042;tt;3.492816;12020
-25.0085132783791;31.4975511775417;tt;3.700299;12020
-25.0082659008528;31.4968694569426;tt;4.561276;12020
-25.0082783872073;31.4972510392849;tt;3.91799;12020
-25.0078647590662;31.4974483455881;tt;2.63667;12020
-25.0079479555144;31.4974208217326;tt;3.910703;12020
-25.0079689610776;31.496691436324;tt;2.411018;12020
-25.0078773812235;31.4970074830292;tt;1.26987;12020
-25.0080162061305;31.497602599376;tt;5.738016;12020
-25.0085504483467;31.4968870121166;tt;2.809742;12020
-25.0083459357841;31.4968810315738;tt;4.964058;12020
-25.0083564218287;31.4968950713007;tt;2.652693;12020
-25.0082098598044;31.4968569260731;tt;1.04006;12020
-25.0081728383533;31.4970388488432;tt;5.629654;12020
-25.0086593696925;31.4972609010343;tt;4.028964;12020
-25.008333909894;31.4967206528703;tt;4.137766;12020
-25.0079607145025;31.4971627968696;tt;2.330009;12020
-25.0081747073419;31.4967354906001;tt;5.873605;12020
-25.0082085011674;31.4967832169725;tt;3.63775;12020
-25.0081471771272;31.4972319507994;tt;4.395374;12020
-25.0086018669062;31.4973767211106;tt;1.644442;12020
-25.0084037347984;31.4975667128616;tt;1.821479;12020
-25.0083711907996;31.496693312543;tt;2.404441;12020
-25.0081094507316;31.4971457385405;tt;1.165179;12020
-25.0078680805535;31.4968420474592;tt;5.81897;12020
-25.0085542636773;31.4970851798512;tt;1.443812;12020
-25.0084268812702;31.4967854747598;tt;5.627494;12020
-25.0084176122639;31.4975115145902;tt;3.852823;12020
-25.0086853811135;31.4975173931145;tt;3.020713;12020
-25.0083466621505;31.4969824916508;tt;2.931342;12020
-25.0082010326596;31.4970894339954;tt;2.186227;12020
-25.0084830524469;31.4970288269732;tt;5.705886;12020
-25.0078832876617;31.4972643943097;tt;1.482337;12020
-25.0080165418606;31.4971086022899;tt;2.69894;12020
-25.0082893710333;31.4968131066837;tt;2.566919;12020
-25.0082388345822;31.4974518637448;tt;4.632318;12020
-25.0085529485502;31.4975508656542;tt;3.710319;12020
-25.007779408504;31.4968958715094;tt;2.462604;12020
-25.0078063043355;31.4971431910686;tt;3.79157;12020
-25.0084629910632;31.4969778860233;tt;1.893417;12020
-25.0086896023209;31.4968261459086;tt;2.874944;12020
-25.0080060810571;31.4967637602515;tt;2.006845;12020
-25.0079203002793;31.497458023158;tt;3.152178;12020
-25.0079888590044;31.4973275523488;tt;4.878428;12020
-25.0085844105811;31.496683783951;tt;2.937347;12020
-25.0080681400832;31.4975940414315;tt;4.20215;12020
-25.0083114181988;31.497033002271;tt;2.640206;12020
-25.0084136100327;31.4973658460814;tt;2.505567;12020
-25.0079267349564;31.4968565622747;tt;2.882852;12020
-25.0082209549363;31.4969269494667;tt;3.786779;12020
-25.0085950221039;31.4972536581513;tt;4.176215;12020
-25.0081294886905;31.496859918153;tt;4.402432;12020
-25.0086519925933;31.497227767491;tt;1.732386;12020
-25.008669044905;31.4971299329411;tt;5.181803;12020
-25.0081509229361;31.4974196840574;tt;5.484027;12020
-25.0086628494005;31.4971858184084;tt;4.67298;12020
-25.0078567604775;31.4972326835291;tt;3.504923;12020
-25.0081595311426;31.4969497753454;tt;4.860069;12020
-25.008133863966;31.4971745074366;tt;4.494946;12020
-25.0079094514176;31.4967075031705;tt;3.836497;12020
-25.0082652856122;31.49697616429;tt;3.764183;12020
-25.0086566164864;31.4970900439806;tt;5.657643;12020
-25.0077742564152;31.4975475190181;tt;3.143479;12020
-25.0078180897184;31.4975233276558;tt;1.675794;12020
-25.008588612518;31.4973429715755;tt;4.551797;12020
-25.0084832058677;31.4975612934732;tt;5.298506;12020
-25.0083497289743;31.4970527708688;tt;3.999007;12020
-25.0086473107602;31.497108920296;tt;4.870003;12020
-25.007890766804;31.4968139321531;tt;3.938253;12020
-25.0079824827811;31.4967987512149;tt;2.065656;12020
-25.0082003825937;31.4971458144665;tt;1.523377;12020
-25.0077666291153;31.4972247694222;tt;5.306187;12020
-25.0086784660031;31.4976010903043;tt;4.586719;12020
-25.0085802126167;31.4966984572493;tt;1.903762;12020
-25.0078328924995;31.4967011794101;tt;5.07429;12020
-25.0082077079247;31.4970616769188;tt;2.05382;12020
-25.0086547721134;31.4971877005133;tt;4.842521;12020
-25.0081700515412;31.4972316358711;tt;3.026997;12020
-25.008438544756;31.4967358808449;tt;3.934407;12020
-25.0085891756797;31.496958765595;tt;5.390066;12020
-25.0086522266338;31.497417599544;tt;3.405804;12020
-25.0081994086907;31.4975700226762;tt;5.416922;12020
-25.0084504318209;31.4966994326342;tt;5.006159;12020
-25.0087056023915;31.4971585319861;tt;1.209682;12020
-25.0086207944914;31.4974890130956;tt;1.963726;12020
-25.0081654162285;31.4971181703848;tt;4.513184;12020
-25.0085267810434;31.4972672030563;tt;1.399954;12020
-25.0082932115787;31.496997662969;tt;5.737558;12020
-25.0079017508249;31.4971533180389;tt;4.897744;12020
-25.0084607752388;31.4972783252223;tt;2.340165;12020
-25.0082202803435;31.4968206322339;tt;5.99881;12020
-25.0085186488475;31.4971861064213;tt;5.306911;12020
-25.0079153912274;31.4968399147203;tt;3.055606;12020
-25.0078497453244;31.4970232328227;tt;3.199836;12020
-25.0082411682429;31.4967355518321;tt;5.203445;12020
-25.0085537424264;31.4973464390387;tt;4.740127;12020
-25.0085878491259;31.4971550461894;tt;4.586768;12020
-25.0079763562794;31.4973783067708;tt;4.657421;12020
-25.0079835109569;31.4968604809795;tt;2.58656;12020
-25.0080538394083;31.4972260045189;tt;2.947983;12020
-25.0079713242163;31.4974123791591;tt;5.415319;12020
-25.0081690313471;31.497540208023;tt;21.50363;12020
-25.0086509181852;31.4975457593257;tt;21.59765;12020
-25.0085620724409;31.4971251240915;tt;19.13709;12020
-25.0083254010339;31.4974893204288;tt;19.98551;12020
-25.007983436264;31.4971517652269;tt;22.40289;12020
-25.0078098583633;31.4971581513535;tt;19.40254;12020
-25.0077699541293;31.497197427947;tt;18.6015;12020
-25.0083557444845;31.4972798789059;tt;21.37446;12020
-25.0085639910423;31.4972552528616;tt;23.92637;12020
-25.0086148135113;31.49725111118;tt;22.93297;12020
-25.0085343721197;31.4971513745732;tt;22.66954;12020
-25.0083628840053;31.4971245586277;tt;18.03583;12020
-25.0082789959464;31.4975252216621;tt;18.17043;12020
-25.0085666023613;31.4971142390679;tt;23.0079;12020
-25.007829697336;31.4972179721191;tt;23.96012;12020
-25.0078584581667;31.4970981531341;tt;18.92423;12020
-25.0083671689132;31.4968595855716;tt;21.09675;12020
-25.0078871318573;31.497370902526;tt;20.6947;12020
-25.0080987814906;31.4966934371773;tt;22.39519;12020
-25.007793550137;31.4974715599669;tt;23.31783;12020
-25.0082844701225;31.497529655321;tt;18.17973;12020
-25.007801466686;31.4971162514116;tt;20.17823;12020
-25.0080303631966;31.4968298458646;tt;20.45293;12020
-25.0079339229698;31.4967282908221;tt;20.67886;12020
-25.0087036229797;31.4973320958941;tt;19.60472;12020
-25.0083369141718;31.4976240767691;tt;23.10809;12020
-25.0082225678847;31.4973042422595;tt;20.02518;12020
-25.0080703536305;31.496917240962;tt;23.81696;12020
-25.0078874095361;31.4974368572619;tt;18.60649;12020
-25.0084093361164;31.4970687691815;tt;18.99412;12020
-25.0078354664245;31.4975353894728;tt;21.2404;12020
-25.0086053827956;31.4971555024752;tt;21.0136;12020
-25.0084350121368;31.4970762292606;tt;20.20521;12020
-25.0086996182123;31.496792221764;tt;21.822;12020
-25.0082809169413;31.4966837666006;tt;19.49963;12020
-25.0080995721949;31.4976022376412;tt;21.94837;12020
-25.0079954926623;31.4972398701337;tt;19.4902;12020
-25.0084989700815;31.4974287586461;tt;23.19303;12020
-25.0081455030555;31.497037842429;tt;19.36892;12020
-25.0083108385194;31.4975030456179;tt;19.07447;12020
-25.0079724005479;31.4968452267723;tt;21.54461;12020
-25.0084294095273;31.4967179585402;tt;20.9624;12020
-25.0082132443591;31.4973250950305;tt;20.78157;12020
-25.0080642779554;31.4974421138638;tt;23.95972;12020
-25.0086814953585;31.4973660018876;tt;19.25771;12020
-25.0085821739121;31.4968994057001;tt;20.75217;12020
