year;type;count;calfCount;lat;lon
1989;OB;5;0;-22.379099987088544;31.24369896619866
1989;OB;1;0;-22.433299986749436;31.135398744264773
1989;OB;3;0;-22.516599992298037;31.004098487706504
1989;OB;1;0;-22.520799978712947;31.004098510082354
1989;OB;2;0;-22.53539995219234;30.974898356246268
1989;OB;5;0;-22.54159992639624;30.97909837245333
1989;OB;1;0;-22.531199977754284;31.022898507104813
1989;OB;1;0;-22.531199977754284;31.022898507104813
1989;OB;12;0;-22.53749995995289;31.024898497181375
1989;OB;1;0;-22.525000024417942;31.076998603188805
1989;OB;1;0;-22.63329995754685;31.03949852899091
1989;OB;1;0;-22.631199976798925;30.960398333283386
1989;OB;2;0;-22.624999949348478;30.97289840195515
1989;OB;1;0;-22.63329998063462;30.99369848268074
1989;OB;1;0;-22.649999993636815;30.985398416898878
1989;OB;7;0;-22.656199953304487;30.96659836298769
1989;OB;1;0;-22.68329994902517;30.97489843167336
1989;OB;1;0;-22.672900016496467;31.004098516211073
1989;OB;2;0;-22.664499949413806;31.02699854846496
1989;OB;1;0;-22.712499967850576;30.997898479430482
1989;OB;1;0;-22.704099930530088;31.031198492200375
1989;OB;5;0;-22.745799961442852;31.0394985174255
1989;OB;2;0;-22.739499964621288;31.093698675912155
1989;OB;1;0;-22.691599946881677;31.1186987448758
1989;OB;4;0;-22.660399983523035;31.162398819825484
1989;OB;1;0;-22.724999951729853;31.181198859654806
1989;OB;1;0;-22.689499976042054;31.17699877725759
1989;OB;2;0;-22.681199986188147;31.18119879829288
1989;OB;5;0;-22.693699979631635;31.2040988415927
1989;OB;6;0;-22.714499979486956;31.214498868862584
1989;OB;5;0;-22.65410002958378;31.249898991843867
1989;OB;4;0;-22.660399951902942;31.24989898342712
1989;OB;1;0;-22.74579995668196;31.295799020883976
1989;OB;1;0;-22.720800046708696;31.37079917758295
1989;OB;5;0;-22.785400000877665;31.004098477654054
1989;OB;2;0;-22.799999971880013;30.993698472859155
1989;OB;1;0;-22.806199995605095;31.008298482368517
1989;OB;1;0;-22.772899944803758;31.043698536459363
1989;OB;2;0;-22.76869995123525;31.051998564807597
1989;OB;2;0;-22.781199990925778;31.060398562358117
1989;OB;1;0;-22.8186999778282;31.07289862173568
1989;OB;6;0;-22.879099934150425;31.026998491690758
1989;OB;5;0;-22.874999934992807;30.968698432153392
1989;OB;1;0;-22.895799924792613;30.96239843092518
1989;OB;1;0;-22.981199931569023;30.98119847507381
1989;OB;4;0;-22.987499932515018;30.964498392967883
1989;OB;3;0;-22.97079998900696;30.95409839383563
1989;OB;3;0;-22.979099998862527;30.939498320918915
1989;OB;1;0;-22.99369997836803;30.937398323593214
1989;OB;4;0;-22.995799956887893;30.92909828586509
1989;OB;2;0;-23.001999927439545;30.933298359861876
1989;OB;2;0;-23.008299963526603;30.93329835834829
1989;OB;2;0;-23.004099993480597;30.95409839377468
1989;OB;1;0;-22.80830000201073;31.168698808751977
1989;OB;3;0;-22.86450003167159;31.222898896151783
1989;OB;3;0;-22.872899972097976;31.237398980185258
1989;OB;1;0;-22.81250000546865;31.254098989312254
1989;OB;7;0;-22.831200003130295;31.314499073623036
1989;OB;2;0;-22.8958000188589;31.28329901367977
1989;OB;2;0;-22.906199983685294;31.285399029710863
1989;OB;4;0;-22.92080002652641;31.29159907070265
1989;OB;2;0;-22.914500023161068;31.301999027666675
1989;OB;2;0;-22.826999994772706;31.34789909386075
1989;OB;1;0;-22.997900012232236;31.32699905275866
1989;OB;1;0;-23.006200031968696;31.343699094695914
1989;OB;5;0;-22.916600044206557;31.364499115084456
1989;OB;4;0;-22.931200038420773;31.429099250642828
1989;OB;3;0;-22.939499989542785;31.40409924538719
1989;OB;1;0;-22.997899986810392;31.370799174133737
1989;OB;2;0;-22.970799959153833;31.391599183179125
1989;OB;3;0;-22.985399984534357;31.391599172003467
1989;OB;5;0;-23.022899982952897;30.914498290874583
1989;OB;2;0;-23.029099924408087;30.912398230215466
1989;OB;1;0;-23.022899945519892;30.924898325936134
1989;OB;7;0;-23.04369997209986;30.90829831016501
1989;OB;1;0;-23.041599937574443;30.916598280354957
1989;OB;4;0;-23.072899918035656;30.90409829574435
1989;OB;6;0;-23.03539995325601;30.951998356794395
1989;OB;3;0;-23.043699957289018;30.9623983596711
1989;OB;4;0;-23.04369996521963;30.98119845240454
1989;OB;3;0;-23.026999982201694;31.012398494196237
1989;OB;1;0;-23.056200001271385;30.997898455976006
1989;OB;2;0;-23.079099944089087;30.97489837642534
1989;OB;2;0;-23.083299930028154;31.022898491982662
1989;OB;1;0;-23.12079992707804;30.931198360027324
1989;OB;4;0;-23.124999954174285;30.933298280146033
1989;OB;1;0;-23.13749999980101;30.93949837108062
1989;OB;5;0;-23.133299986031048;30.95199835161375
1989;OB;2;0;-23.162499980968814;30.947898400681012
1989;OB;2;0;-23.150000005737397;30.96449840385498
1989;OB;1;0;-23.16869993931905;30.96869838666339
1989;OB;2;0;-23.160400004182375;30.991598507246476
1989;OB;3;0;-23.156199961775663;30.972898397932134
1989;OB;12;0;-23.14579993648833;30.98739847616531
1989;OB;6;0;-23.13119998309833;30.96659845186363
1989;OB;3;0;-23.12699998505749;30.981198479077598
1989;OB;2;0;-23.124999933177854;30.98949849062654
1989;OB;2;0;-23.118699945630187;30.991598430627704
1989;OB;2;0;-23.11449998747913;30.993698461665627
1989;OB;2;0;-23.11249996374062;30.999898455046026
1989;OB;3;0;-23.114499995579422;30.98739848836118
1989;OB;1;0;-23.110399984182497;30.991598472963584
1989;OB;3;0;-23.114499996708748;30.974898456709774
1989;OB;8;0;-23.10830000188115;30.976998437415162
1989;OB;7;0;-23.11039994356929;30.95829837200977
1989;OB;4;0;-23.099999939335568;30.960398434054063
1989;OB;2;0;-23.106199945096527;30.945798369584768
1989;OB;1;0;-23.14789993804351;31.02909849748929
1989;OB;1;0;-23.124999963067946;31.047898557232912
1989;OB;4;0;-23.11450002430745;31.141598795595694
1989;OB;2;0;-23.14159994604995;31.158298833080632
1989;OB;1;0;-23.174999977207364;31.179098800446127
1989;OB;1;0;-23.166599973333927;31.204098912168657
1989;OB;1;0;-23.17289996016104;31.2040988454256
1989;OB;2;0;-23.191599970267173;31.218698906925084
1989;OB;2;0;-23.218700027656094;31.214498952014964
1989;OB;1;0;-23.12289996230214;31.285398986106067
1989;OB;3;0;-23.1144999943862;31.310399061646088
1989;OB;1;0;-23.16869996812027;31.29989907702965
1989;OB;2;0;-23.101999968749656;31.379099149694934
1989;OB;1;0;-23.085399999500403;31.389499171268547
1989;OB;1;0;-23.068700013216077;31.391599155031194
1989;OB;2;0;-23.0854000336165;31.429099215608208
1989;OB;4;0;-23.093699996151905;31.422899194380058
1989;OB;6;0;-23.097900018930957;31.4394992063695
1989;OB;1;0;-23.110400017519208;31.456199227161168
1989;OB;1;0;-23.174999995432835;31.54369938754877
1989;OB;1;0;-23.20410002794989;31.541599365745512
1989;OB;2;0;-23.189500011142695;30.968698392481286
1989;OB;3;0;-23.177000009497117;30.979098455102704
1989;OB;3;0;-23.189500014040018;30.991598443975775
1989;OB;1;0;-23.193700007576204;30.993698466511802
1989;OB;1;0;-23.26039992727981;31.001998486739225
1989;OB;1;0;-23.26249997141087;31.001998444237724
1989;OB;3;0;-23.264499959218192;31.010398552743567
1989;OB;1;0;-23.24369999215927;31.06239859916594
1989;OB;2;0;-23.29579995691625;31.03119854752332
1989;OB;1;0;-23.31040001157886;31.05619858268754
1989;OB;1;0;-23.291599991707777;31.376999161847653
1989;OB;4;0;-23.106199990643265;31.387399163194413
1989;OB;1;0;-23.10409996503427;31.395799170602956
1989;OB;2;0;-23.12700000728989;31.44989922845044
1989;OB;5;0;-23.152000032733895;31.454099270820016
1989;OB;14;0;-23.156199985275393;31.456199252009633
1989;OB;1;0;-23.172900018509388;31.44789924320592
1989;OB;1;0;-23.20199997711106;31.456199269331915
1989;OB;6;0;-23.25830002674953;31.433299198602093
1989;OB;2;0;-23.260399988486213;31.45409932091605
1989;OB;3;0;-23.270799978226954;31.45829929635687
1989;OB;3;0;-23.262499960995612;31.46449932812059
1989;OB;3;0;-23.20410004666485;31.481199265945367
1989;OB;6;0;-23.189500036719856;31.506199315148898
1989;OB;4;0;-23.256200052245447;31.549899345713087
1989;OB;3;0;-23.262500025992846;31.547899408196383
1989;OB;2;0;-23.270800005116868;31.543699425053088
1989;OB;1;0;-23.32909996935178;31.506199384145496
1989;OB;1;0;-23.329100001648445;31.52489940019651
1989;OB;5;0;-23.343699965173567;31.039498549290713
1989;OB;6;0;-23.37289994265924;31.037398572434267
1989;OB;1;0;-23.458299988564267;31.204098863925285
1989;OB;1;0;-23.602000024500377;31.237398995606213
1989;OB;1;0;-23.387500031841004;31.285399003456995
1989;OB;3;0;-23.460400017888052;31.341599083502448
1989;OB;1;0;-23.556200004165166;31.30619906713398
1989;OB;1;0;-23.508299962454842;31.356199165617564
1989;OB;2;0;-23.504099967241803;31.3728991537881
1989;OB;1;0;-23.537500002641455;31.39789923352785
1989;OB;3;0;-23.497900032832018;31.435399281564266
1989;OB;3;0;-23.520799983449024;31.47909927368573
1989;OB;6;0;-23.53329999459035;31.485399334677496
1989;OB;1;0;-23.543700022462364;31.433299278668994
1989;OB;1;0;-23.56449996166953;31.4498992907082
1989;OB;1;0;-23.57500001906838;31.44789923157529
1989;OB;5;0;-23.581199963886476;31.445799244230564
1989;OB;7;0;-23.58750001517157;31.443699233531568
1989;OB;5;0;-23.583299991088094;31.47489935274482
1989;OB;1;0;-23.583300047994683;31.489499351656043
1989;OB;2;0;-23.558299986931736;31.49989932648503
1989;OB;3;0;-23.570800006838713;31.501999355217844
1989;OB;4;0;-23.576999993357603;31.506199344911686
1989;OB;3;0;-23.56040002764791;31.526999416021273
1989;OB;1;0;-23.556200016504928;31.537399429643013
1989;OB;4;0;-23.558299999730384;31.539499366935093
1989;OB;2;0;-23.575000024084986;31.537399423297785
1989;OB;2;0;-23.600000012620832;31.601999461989706
1989;OB;1;0;-23.65199995561714;31.214498927463975
1989;OB;1;0;-23.708299990497775;31.160398823386345
1989;OB;1;0;-23.726999979302516;31.160398872099165
1989;OB;1;0;-23.679099989270526;31.14989884775107
1989;OB;2;0;-23.779099954374527;31.160398801214246
1989;OB;1;0;-23.810399998290475;31.18739889151885
1989;OB;1;0;-23.72079998459196;31.291599093586886
1989;OB;6;0;-23.73120002976992;31.268699056477107
1989;OB;3;0;-23.747899955293356;31.27909900002174
1989;OB;1;0;-23.73119996963211;31.30619903606719
1989;OB;3;0;-23.747900017740022;31.30199908236238
1989;OB;1;0;-23.756199980487818;31.358299146301462
1989;OB;1;0;-23.79789996130653;31.320799141799853
1989;OB;1;0;-23.816599992391822;31.31869904765274
1989;OB;4;0;-23.827000006847054;31.30409906358607
1989;OB;1;0;-23.84999996334265;31.310399077623963
1989;OB;1;0;-23.8583000325951;31.308299117898983
1989;OB;1;0;-23.864499997558458;31.30619907803206
1989;OB;1;0;-23.82290003500691;31.35619911845449
1989;OB;1;0;-23.83330003180742;31.356199190377147
1989;OB;1;0;-23.839499988798178;31.34789917686994
1989;OB;2;0;-23.83949996652693;31.360399132837795
1989;OB;15;0;-23.851999975016334;31.351999187334602
1989;OB;1;0;-23.862500026025298;31.33739910947351
1989;OB;5;0;-23.610400010987156;31.474899324537365
1989;OB;6;0;-23.608299995814335;31.48739930292444
1989;OB;2;0;-23.614500027876552;31.483299364465182
1989;OB;6;0;-23.637500014687955;31.4936993259817
1989;OB;3;0;-23.64580003422047;31.48329931563643
1989;OB;1;0;-23.735399958645413;31.429099268358414
1989;OB;1;0;-23.75200003179022;31.441599237919252
1989;OB;1;0;-23.747900045189592;31.47289928246002
1989;OB;7;0;-23.71450002919687;31.48949929701104
1989;OB;6;0;-23.76659997967729;31.412399257187236
1989;OB;2;0;-23.77290000259667;31.4332992127951
1989;OB;1;0;-23.774999986300745;31.397899240492084
1989;OB;2;0;-23.789499960674192;31.397899231414115
1989;OB;1;0;-23.795800013774777;31.397899209668832
1989;OB;2;0;-23.789500019724333;31.431199299884014
1989;OB;4;0;-23.866600021612907;31.381199214400677
1989;OB;1;0;-23.86040004532489;31.495799310807648
1989;OB;3;0;-23.84160002138626;31.454099285097495
1989;OB;4;0;-23.83950001331265;31.46239933138084
1989;OB;2;0;-23.810400008978267;31.46659930619996
1989;OB;1;0;-23.770799969881317;31.48539937011711
1989;OB;1;0;-23.63949997695618;31.499899366541996
1989;OB;1;0;-23.733299970828657;31.497899381122387
1989;OB;4;0;-23.722900000457994;31.535399346447537
1989;OB;2;0;-23.73950000270531;31.539499375293957
1989;OB;3;0;-23.752000031837586;31.531199353256717
1989;OB;1;0;-23.766600022024036;31.576999478148952
1989;OB;1;0;-23.77080005356428;31.574899458948863
1989;OB;1;0;-23.79160004560742;31.54789939086102
1989;OB;1;0;-23.822899997381732;31.558299372868508
1989;OB;1;0;-23.84370002734579;31.55199942192103
1989;OB;3;0;-23.633300031012638;31.668699501681047
1989;OB;2;0;-23.65620000450516;31.65199948925429
1989;OB;1;0;-23.664500029253322;31.65409946316234
1989;OB;5;0;-23.666600011869058;31.622899505435104
1989;OB;7;0;-23.67080005599803;31.612399492217342
1989;OB;4;0;-23.74369996891736;31.62489947018182
1989;OB;3;0;-23.750000046044338;31.624899434790905
1989;OB;3;0;-23.78120002775321;31.601999484733355
1989;OB;2;0;-23.791599971035517;31.622899504200937
1989;OB;1;0;-23.795800032998702;31.585399453088456
1989;OB;1;0;-23.800000018323306;31.59579941051528
1989;OB;4;0;-23.833300027520863;31.585399401990166
1989;OB;1;0;-23.83750001185515;31.593699475253064
1989;OB;1;0;-23.83540005157453;31.60199941732251
1989;OB;1;0;-23.858300013346565;31.651999497936416
1989;OB;1;0;-23.83950005133517;31.664499507726234
1989;OB;4;0;-23.933299956718056;31.22909890770852
1989;OB;1;0;-23.96450002377184;31.239498924604614
1989;OB;1;0;-23.956199974104237;31.176998864110466
1989;OB;3;0;-23.981199943108717;31.18949884798153
1989;OB;1;0;-23.876999979464703;31.316599044703164
1989;OB;1;0;-23.885399970139005;31.32079908300577
1989;OB;1;0;-23.87910000828099;31.3540991222961
1989;OB;4;0;-23.88540002247877;31.38739921474323
1989;OB;3;0;-23.889500006658288;31.531199355330546
1989;OB;1;0;-23.92700005027322;31.535399413375643
1989;OB;3;0;-23.9249999814955;31.54579939810995
1989;OB;1;0;-23.970799979439978;31.55619937811946
1989;OB;2;0;-23.872900022781575;31.572899469127602
1989;OB;1;0;-23.899999980958565;31.601999435041574
1989;OB;1;0;-23.920799997811457;31.624899451033645
1989;OB;1;0;-23.9625000441675;31.6040994193802
1989;OB;3;0;-23.872900031858226;31.65199947819041
1989;OB;1;0;-23.879099997333075;31.651999488220838
1989;OB;1;0;-23.924999998009795;31.708299595380264
1989;OB;1;0;-23.96040003490769;31.73739958844219
1989;OB;1;0;-24.018700020397105;31.674899497297787
1989;OB;2;0;-24.037499984892168;31.67489951646564
1989;OB;2;0;-24.05410005474664;31.6790995211941
1989;OB;2;0;-24.05200000764347;31.73329954721156
1989;OB;1;0;-24.05409999646254;31.476999283100067
1989;OB;1;0;-24.137499985793706;31.489499345227312
1989;OB;5;0;-24.191600005592967;31.52289934534058
1989;OB;1;0;-24.199999993058388;31.524899419053753
1989;OB;3;0;-24.210400008178944;31.516599326484215
1989;OB;1;0;-24.199999998754027;31.451999291807407
1989;OB;2;0;-24.19999998354276;31.547899399179393
1989;OB;1;0;-24.175000046274;31.56239943087946
1989;OB;1;0;-24.160399992800425;31.558299396400514
1989;OB;1;0;-24.052000000088324;31.6769995297946
1989;OB;1;0;-24.13949998345039;31.724899562469208
1989;OB;2;0;-24.229100001672503;31.595799438089944
1989;OB;2;0;-24.218700038099854;31.61659951911983
1989;OB;1;0;-24.05000003654029;31.739499629784792
1989;OB;1;0;-23.993700007027897;31.774899594595755
1989;OB;1;0;-24.064499976856897;31.841599655534115
1989;OB;2;0;-24.260400033838437;31.454099299281438
1989;OB;2;0;-24.275000047516315;31.456199274122252
1989;OB;1;0;-24.301999989670527;31.45199926255016
1989;OB;5;0;-24.310399983872482;31.454099291602898
1989;OB;1;0;-24.287500024042018;31.491599328999577
1989;OB;2;0;-24.45410002500787;31.42489928888546
1989;OB;3;0;-24.36040002521124;31.549899402846137
1989;OB;1;0;-24.34790003890341;31.558299409635374
1989;OB;2;0;-24.347899991168024;31.574899486061394
1989;OB;3;0;-24.281200055163623;31.662399547763986
1989;OB;1;0;-24.335399969925568;31.660399523757995
1989;OB;1;0;-24.3541000134514;31.67079950276847
1989;OB;1;0;-24.333299968842805;31.691599550628215
1989;OB;3;0;-24.377000048717814;31.679099517706778
1989;OB;1;0;-24.297900040968948;31.822899611914686
1989;OB;6;0;-24.347900045616434;31.831199706157232
1989;OB;2;0;-24.354100012685063;31.81039961981312
1989;OB;2;0;-24.366599984372392;31.801999636369256
1989;OB;1;0;-24.391600035480334;31.797899610794335
1989;OB;1;0;-24.399999975167887;31.779099618245894
1989;OB;1;0;-24.41450002711153;31.783299606812097
1989;OB;1;0;-24.437499971265773;31.768699628619615
1989;OB;1;0;-24.43950003530612;31.770799595085354
1989;OB;6;0;-24.4520000071518;31.849899635024652
1989;OB;2;0;-24.391600038408807;31.910399693111135
1989;OB;1;0;-24.36250000275457;31.89789969762636
1989;OB;1;0;-24.364500046642178;31.966599734786413
1989;OB;1;0;-24.41250001693997;31.960399747423054
1989;OB;2;0;-24.51040004708005;31.52079942718493
1989;OB;5;0;-24.620799993821024;31.666599578956134
1989;OB;2;0;-24.672899967416644;31.597899431952563
1989;OB;4;0;-24.679100037536166;31.597899468397543
1989;OB;4;0;-24.695800041889644;31.61449944141168
1989;OB;7;0;-24.727000052670128;31.608299433738864
1989;OB;1;0;-24.722899983582174;31.63329948888595
1989;OB;2;0;-24.72699997781834;31.639499467783107
1989;OB;2;0;-24.71870000256443;31.63949946829132
1989;OB;1;0;-24.70830004546311;31.72699957229452
1989;OB;2;0;-24.579100025336416;31.708299611657935
1989;OB;2;0;-24.520799989318064;31.658299526357094
1989;OB;2;0;-24.518699974597837;31.697899515734377
1989;OB;1;0;-24.510399999143996;31.689499550273865
1989;OB;1;0;-24.48750000924281;31.68329951025601
1989;OB;2;0;-24.47910002164931;31.7436995531186
1989;OB;2;0;-24.47289997743684;31.795799597123064
1989;OB;2;0;-24.476999984698804;31.839499678804863
1989;OB;1;0;-24.483300027736277;31.833299681944073
1989;OB;1;0;-24.483299973217857;31.8415996517599
1989;OB;1;0;-24.56659997873626;31.83949967831696
1989;OB;1;0;-24.57500002396226;31.829099674095247
1989;OB;1;0;-24.585400016482353;31.826999710535105
1989;OB;2;0;-24.602000038880952;31.8394997031893
1989;OB;1;0;-24.606199976920607;31.81659968340982
1989;OB;2;0;-24.60830000643002;31.799899628351586
1989;OB;3;0;-24.612500009789123;31.80199964607832
1989;OB;1;0;-24.637500025405163;31.841599683142373
1989;OB;2;0;-24.647900044020247;31.837399658990304
1989;OB;2;0;-24.65829997893554;31.841599645692632
1989;OB;1;0;-24.675000044146582;31.841599682087338
1989;OB;6;0;-24.685400057974142;31.83119963338127
1989;OB;1;0;-24.676999973551688;31.814499618987508
1989;OB;4;0;-24.6875000141693;31.81039962114967
1989;OB;2;0;-24.591599992754983;31.751999646766652
1989;OB;3;0;-24.595800015743823;31.751999578093734
1989;OB;1;0;-24.666600029664675;31.75409958921911
1989;OB;1;0;-24.679100017800657;31.75409961714663
1989;OB;3;0;-24.706200014921393;31.83329968900769
1989;OB;2;0;-24.7166000586907;31.841599695097603
1989;OB;1;0;-24.514500006477068;31.851999677308555
1989;OB;1;0;-24.489500005357097;31.93739971150454
1989;OB;1;0;-24.51250001179153;31.87909971136344
1989;OB;2;0;-24.583299978421053;31.897899756722666
1989;OB;1;0;-24.556200011923618;31.929099700982643
1989;OB;1;0;-24.57910005841372;31.92699972758347
1989;OB;2;0;-24.59370004276171;31.95829979341075
1989;OB;3;0;-24.591600030966436;31.964499791303346
1989;OB;5;0;-24.597900044250345;31.962399786934796
1989;OB;1;0;-24.61250006326336;31.970799758361213
1989;OB;1;0;-24.618700014108164;31.972899763846133
1989;OB;1;0;-24.652000001782195;31.887399675715127
1989;OB;1;0;-24.677000014255558;31.89369969832933
1989;OB;1;0;-24.693699978803146;31.897899683667625
1989;OB;2;0;-24.693700008997777;31.87909970321169
1989;OB;1;0;-24.70830006001827;31.87699965655286
1989;OB;3;0;-24.716599988442816;31.879099728499565
1989;OB;1;0;-24.73750005500622;31.879099707093424
1989;OB;3;0;-24.72079998404474;31.904099755830146
1989;OB;3;0;-24.737500002753123;31.908299694605613
1989;OB;7;0;-24.756200016776933;31.62079953085586
1989;OB;2;0;-24.895800046620383;31.610399516591848
1989;OB;3;0;-24.895800026958696;31.62079949070631
1989;OB;6;0;-24.958300054867873;31.614499469024633
1989;OB;3;0;-24.939499972860013;31.620799467491914
1989;OB;1;0;-24.94789996638975;31.641599480451
1989;OB;1;0;-24.939499986949738;31.689499550346813
1989;OB;1;0;-24.962499985593926;31.66239957667394
1989;OB;1;0;-24.968699994965114;31.6561994978326
1989;OB;1;0;-24.752000015244153;31.679099575591096
1989;OB;1;0;-24.747899979379604;31.69989958376775
1989;OB;1;0;-24.752000050820186;31.701999549515726
1989;OB;3;0;-24.775000027430462;31.685399528581858
1989;OB;3;0;-24.78750004052245;31.695799602489743
1989;OB;1;0;-24.900000034836783;31.801999654979088
1989;OB;2;0;-24.91449998415481;31.79159968947865
1989;OB;2;0;-24.96249999089774;31.804099677615564
1989;OB;3;0;-24.822899971632587;31.831199720484392
1989;OB;1;0;-24.83749997418373;31.831199699166074
1989;OB;6;0;-24.797900009312798;31.87489968755548
1989;OB;2;0;-24.7583000256075;31.918699770023245
1989;OB;1;0;-24.78330000615093;31.970799736324437
1989;OB;1;0;-24.79790003820342;31.893699708042252
1989;OB;2;0;-24.814500023573974;31.895799741701705
1989;OB;1;0;-24.87500005731259;31.887399673912988
1989;OB;1;0;-24.87290005356385;31.9436997039556
1989;OB;2;0;-24.854099998752208;31.979099787788915
1989;OB;2;0;-24.870800039423447;31.98739973426509
1989;OB;1;0;-24.88950005344528;31.983299754133263
1989;OB;1;0;-24.964500034960928;32.01449977616412
1989;OB;1;0;-25.0104000048959;31.86239966128942
1989;OB;1;0;-25.091600025131843;31.876999754353857
1989;OB;1;0;-24.975000040566297;31.887399700880263
1989;OB;1;0;-24.958300001160502;31.916599738593504
1989;OB;1;0;-25.03329999511145;31.93329975847943
1989;OB;4;0;-25.04789998772132;31.93949977053851
1989;OB;5;0;-25.03120003500288;31.96039978780773
1989;OB;1;0;-25.11660000886372;31.970799720428722
1989;OB;4;0;-25.131199973689412;31.979099749483332
1989;OB;1;0;-25.13540000240442;31.94789978028377
1989;OB;6;0;-25.143700023719216;31.962399769623115
1989;OB;1;0;-25.156199994619147;31.964499780395425
1989;OB;2;0;-25.147899993665593;31.991599806769003
1989;OB;2;0;-25.17909999423792;31.92909977853277
1989;OB;1;0;-25.17909999423792;31.92909977853277
1989;OB;1;0;-25.18119999396463;31.920799704511037
1989;OB;4;0;-25.18119999396463;31.920799704511037
1989;OB;1;0;-25.14579997522037;31.88739972149185
1989;OB;2;0;-25.18120002980289;31.87699972434639
1989;OB;1;0;-25.050000001924616;31.80199962447741
1989;OB;3;0;-25.07080003208052;31.820799625174057
1989;OB;1;0;-25.083300012189266;31.787399647716214
1989;OB;1;0;-25.091600005304414;31.787399651761973
1989;OB;1;0;-25.135400011288716;31.651999558659394
1989;OB;3;0;-25.14159999965268;31.672899550030685
1989;OB;1;0;-25.03750000422403;31.712399583999115
1989;OB;2;0;-25.09370005498902;31.731199571307467
1989;OB;2;0;-25.0999999704688;31.731199627294103
1989;OB;2;0;-25.068699988161853;31.633299496316454
1989;OB;1;0;-24.993699967236644;31.664499499925856
1989;OB;3;0;-24.98120005067787;31.67909951819694
1989;OB;1;0;-24.997900051212092;31.674899567281624
1989;OB;2;0;-24.98540000509664;31.6894995867301
1989;OB;1;0;-24.993699986729297;31.68739952299425
1989;OB;4;0;-24.985399974722423;31.697899550667092
1989;OB;1;0;-24.97699996931929;31.701999595435666
1989;OB;4;0;-25.10199997747977;31.537399429741274
1989;OB;2;0;-25.06039996762378;31.581199505656937
1989;OB;1;0;-25.056200053165604;31.56239947241454
1989;OB;2;0;-25.06039999782539;31.547899464168836
1989;OB;1;0;-25.07080004241402;31.52699940187241
1989;OB;2;0;-25.043700042092812;31.524899379557457
1989;OB;1;0;-25.039500041937412;31.526999404535058
1989;OB;3;0;-25.014500043527534;31.556199387432763
1989;OB;8;0;-24.976999988638067;31.551999374289387
1989;OB;1;0;-24.9874999722655;31.493699339133187
1989;OB;1;0;-25.01449998718237;31.42909925303214
1989;OB;1;0;-25.179099962706278;31.376999202506646
1989;OB;1;0;-25.13749998425805;31.379099227703072
1989;OB;1;0;-25.014500009774583;31.374899185734247
1989;OB;1;0;-25.00620000286627;31.3832991782713
1989;OB;3;0;-25.0144999753873;31.38739921299062
1989;OB;2;0;-25.045800014284556;31.235398966434285
1989;OB;2;0;-25.06039998406619;31.229098940000075
1989;OB;3;0;-25.1061999768439;31.279099105596867
1989;OB;2;0;-25.44999996373729;31.314499110256385
1989;OB;1;0;-25.44579995621587;31.324899164428686
1989;OB;1;0;-25.450000005427174;31.324899105082885
1989;OB;1;0;-25.44580001195817;31.331199177930824
1989;OB;1;0;-25.447899960423904;31.335399117394545
1989;OB;1;0;-25.460400021933907;31.33539918308922
1989;OB;2;0;-25.466599996851443;31.337399138638112
1989;OB;1;0;-25.485400039051942;31.329099178608313
1989;OB;1;0;-25.485400020198462;31.49579937279652
1989;OB;2;0;-25.326999976318017;31.264499040622276
1989;OB;2;0;-25.350000010934153;31.279099038104377
1989;OB;1;0;-25.393699990829585;31.29989913728224
1989;OB;1;0;-25.418700002623833;31.324899146343476
1989;OB;2;0;-25.26449997559755;31.347899208766236
1989;OB;3;0;-25.266600024056846;31.356199229715433
1989;OB;1;0;-25.26249998352015;31.36449914918799
1989;OB;1;0;-25.26660002166016;31.36659915201968
1989;OB;4;0;-25.270799978873914;31.36869924397823
1989;OB;2;0;-25.251999987268913;31.368699217836017
1989;OB;4;0;-25.258300031176226;31.36869923018601
1989;OB;1;0;-25.250000015811114;31.376999202999382
1989;OB;2;0;-25.24579996431154;31.38539919894037
1989;OB;1;0;-25.262500011350184;31.372899246854953
1989;OB;1;0;-25.262499992191483;31.383299271681814
1989;OB;1;0;-25.266599966999948;31.38539922505598
1989;OB;1;0;-25.274999990928354;31.38329926666429
1989;OB;2;0;-25.318700039701348;31.406199300312693
1989;OB;2;0;-25.406199970646302;31.385399200703798
1989;OB;1;0;-25.389499990846364;31.40409925828882
1989;OB;3;0;-25.408300002362328;31.541599395818768
1989;OB;2;0;-25.377000023953045;31.556199442126506
1989;OB;1;0;-25.35829996452798;31.554099432969732
1989;OB;2;0;-25.347900004781565;31.58949951070966
1989;OB;11;0;-25.387500024402737;31.59159942308405
1989;OB;3;0;-25.39160003449698;31.604099526757224
1989;OB;4;0;-25.406200051783046;31.662399584850096
1989;OB;3;0;-25.370800051356678;31.729099600320595
1989;OB;1;0;-25.37910003913176;31.749899638310794
1989;OB;1;0;-25.31039999116691;31.73949965288689
1989;OB;2;0;-25.379100001126105;31.885399696974176
1989;OB;1;0;-25.366599998694717;31.887399703997485
1989;OB;3;0;-25.318700061760495;31.906199752256185
1989;OB;2;0;-25.3937000511305;31.976999790012105
1989;OB;2;0;-25.40200004713557;31.98119975350482
1989;OB;3;0;-25.41250000607397;31.964499761517185
1989;OB;1;0;-25.31039998039403;31.964499753921807
1989;OB;3;0;-25.314500000823834;31.976999758397227
1989;OB;2;0;-25.260400048437077;31.956199785216434
1989;OB;1;0;-25.245800053499803;31.979099737904143
1989;OB;2;0;-25.245800060825733;31.97699972096906
1989;OB;2;0;-25.22080003505538;31.981199745206375
1989;OB;1;0;-25.320800048086653;32.004099792598126
1989;OB;2;0;-25.32910005696211;32.0082997915415
1989;O;26;1;-25.45257964098027;31.350166172748576
1989;O;8;0;-25.451028924366184;31.348291915735643
1989;O;13;0;-25.44798519747091;31.347018811586615
1989;O;13;0;-25.416908922327593;31.660515645433268
1989;O;4;0;-25.395911526115594;31.42611468936148
1989;O;26;0;-25.407558642869912;31.56101143281118
1989;O;19;0;-25.382332060803826;31.572852691907404
1989;O;6;0;-25.292128328903534;31.392965677620822
1989;O;17;0;-25.2734158835887;31.388617017369512
1989;O;14;0;-25.268066246891483;31.395511882855622
1989;O;23;1;-25.27376335704877;31.382623175841204
1989;O;6;0;-25.269473109858538;31.38327281799828
1989;O;4;0;-25.267216734910686;31.3906096128459
1989;O;2;0;-25.264400912232414;31.38964781987411
1989;O;6;0;-25.260787178033617;31.387647167897292
1989;O;32;1;-25.266225148663718;31.371139841306373
1989;O;5;0;-25.25637445951405;31.36931329329538
1989;O;9;0;-25.250369409147044;31.379263032524534
1989;O;9;0;-25.182829621027295;31.30048105595795
1989;O;6;0;-25.166063685460877;31.3329757037382
1989;O;9;0;-25.18431569375694;31.415570406387765
1989;O;10;0;-25.180127578049177;31.387906756412992
1989;O;9;0;-25.168265028751158;31.38479466544633
1989;O;13;0;-25.16542960541581;31.38307497875999
1989;O;12;1;-25.162899386998852;31.379751271949885
1989;O;2;0;-25.156905446583707;31.361232999436623
1989;O;6;0;-25.149714858669146;31.33853169950276
1989;O;17;1;-25.118348677317247;31.323318839712883
1989;O;6;0;-25.109589075121466;31.34957174558506
1989;O;13;0;-25.112738176388707;31.321799884789833
1989;O;20;2;-25.042201389130554;31.532109129332486
1989;O;12;0;-25.047293894498228;31.531514354173698
1989;O;9;0;-25.051770300103858;31.530240661360278
1989;O;5;1;-25.06236533271841;31.534845627266797
1989;O;20;0;-25.062639786042027;31.53500711334362
1989;O;11;1;-25.24308479162267;31.600937126148057
1989;O;5;1;-25.24569364774218;31.602042789458658
1989;O;8;0;-25.249568788562115;31.601933109719738
1989;O;15;0;-25.39855637893503;31.67849051095517
1989;O;16;0;-25.315861408064613;31.713907392629388
1989;O;17;0;-25.36933421080648;31.743638574885452
1989;O;27;0;-25.37909436559459;31.765955098677487
1989;O;43;2;-25.375455547818856;31.764458220878716
1989;O;11;1;-25.370709850372975;31.764384353309165
1989;O;39;0;-25.307475637942616;31.76970247969593
1989;O;25;1;-25.30369438208564;31.76931076648851
1989;O;36;0;-25.329418411770483;31.800543782748928
1989;O;7;0;-25.13812485807965;31.678413156036584
1989;O;16;1;-25.13580623541191;31.67908494111152
1989;O;8;0;-25.131269841608862;31.678362563589012
1989;O;17;0;-25.115930802935875;31.642186920949484
1989;O;24;1;-25.11070662584771;31.636265505961603
1989;O;5;0;-25.3253622575547;32.01799574266137
1989;O;6;0;-25.32279683191517;32.01744706034782
1989;O;11;0;-25.315124094568198;32.01565014618208
1989;O;4;0;-25.311318174695163;32.01566143493993
1989;O;9;1;-25.307653471595806;32.01481975449339
1989;O;4;0;-25.307018448680694;31.919851328002224
1989;O;20;0;-25.18923352751741;31.988904963315
1989;O;14;1;-25.18688003005353;31.940411907718655
1989;O;11;0;-25.1835371833968;31.93938029140103
1989;O;31;1;-25.180011423316177;31.938240859230934
1989;O;15;0;-25.171667267663043;31.95348015294041
1989;O;34;4;-25.162793861827257;31.989924969811934
1989;O;11;0;-25.159794719666028;31.988931205925446
1989;O;9;0;-25.15560844218025;31.986808406357692
1989;O;15;0;-25.15244052061133;31.99807403692706
1989;O;6;0;-25.150465328017702;31.98846135343892
1989;O;8;1;-25.147036201281168;31.960270468683262
1989;O;17;1;-25.14401494951531;31.959099268399573
1989;O;18;0;-25.141658186588824;31.95282915399328
1989;O;7;0;-25.134214078304016;31.935620289911988
1989;O;3;0;-25.1182619028489;31.92925322714779
1989;O;25;0;-25.115079920001513;31.92812659777732
1989;O;58;4;-25.086831578167143;31.881859786992983
1989;O;5;0;-25.085915607981768;31.829709672475175
1989;O;16;1;-25.094278272180286;31.856971777642872
1989;O;42;1;-25.072878485939206;31.832964780274605
1989;O;8;0;-25.06301283977679;31.829345728040046
1989;O;12;1;-25.05828947328436;31.813852289021348
1989;O;22;1;-25.11357084084502;31.75597349480641
1989;O;9;0;-25.111938927411224;31.767270525892506
1989;O;11;1;-25.108454658403048;31.767116945971647
1989;O;10;1;-25.087503085040396;31.761020075274317
1989;O;21;1;-25.093943566835343;31.735565090101634
1989;O;8;0;-25.0905564630626;31.728979376303215
1989;O;14;0;-25.0852333906814;31.72986852510254
1989;O;11;0;-24.989575967487603;31.678999013971755
1989;O;22;1;-24.980239659456863;31.706038302291333
1989;O;6;0;-24.97689934141884;31.704451485617362
1989;O;9;1;-25.0023326911309;31.713262442193503
1989;O;13;0;-24.992227340023238;31.75349809372838
1989;O;2;1;-24.989373863694933;31.750667277571104
1989;O;11;0;-24.98175162090148;31.758210332805806
1989;O;27;0;-24.985124454246492;31.679819332299168
1989;O;21;1;-24.98141544257134;31.720139151096856
1989;O;11;0;-24.97731322986726;31.719735624260274
1989;O;18;1;-24.974387518695078;31.71770978162136
1989;O;8;0;-24.97120423703425;31.716885919860765
1989;O;5;0;-24.967818926027416;31.715095518504228
1989;O;10;0;-24.960380644914693;31.722493898732534
1989;O;4;0;-24.96282859408458;31.723694505076995
1989;O;5;0;-24.96964164188518;31.728059261240524
1989;O;30;0;-24.972386234003167;31.72957361080836
1989;O;14;1;-24.965209787216768;31.7348111430306
1989;O;12;0;-24.96834497449846;31.73613805190409
1989;O;15;1;-24.97053375926119;31.73889390832964
1989;O;10;1;-24.977557677509385;31.892700137598343
1989;O;18;1;-24.966726308487733;31.889701772032122
1989;O;23;0;-25.023270666244393;31.940342135683238
1989;O;13;0;-25.32134230452708;31.91596219774372
1989;O;5;0;-25.17836369575683;31.885660032971312
1989;O;10;0;-25.315872098249958;31.74780227756613
1989;O;15;0;-25.096644568284113;31.8766436129093
1989;O;32;0;-25.152191564277;31.97138838482041
1989;O;20;2;-25.157078595162627;31.95503751387866
1989;O;22;1;-24.97547922097985;31.73006608128271
1989;O;8;0;-25.028153135972367;31.707096329907458
1989;O;15;0;-25.0160032692324;31.32797882763177
1989;O;4;0;-25.10452830510919;31.44155436215714
1989;O;4;0;-25.305953068607263;31.40344388499651
1989;O;11;0;-24.93222544621114;31.964437575938142
1989;O;5;0;-25.523143224311706;31.37700623127232
1989;O;4;0;-25.5078788055285;31.41968449800572
1989;O;13;0;-24.941317712998327;31.66319202373707
1989;O;18;0;-24.966358824655167;31.668228702804043
1989;O;22;0;-24.96383917141231;31.668162912744034
1989;O;12;1;-24.961696876870896;31.66640385369607
1989;O;4;0;-24.956338149044992;31.670822503977504
1989;O;3;0;-24.883442446244064;31.894842200435303
1989;O;15;0;-24.879569219793073;31.892537027750098
1989;O;18;0;-24.868483475789592;31.98008681759509
1989;O;10;0;-24.86572720020434;31.978086263054585
1989;O;23;0;-24.78925585103555;31.975489367054063
1989;O;51;1;-24.786089855592525;31.975657216358375
1989;O;16;1;-24.793771001376072;31.70835787762352
1989;O;17;1;-24.767732851006745;31.693501808257906
1989;O;14;0;-24.762254001092124;31.75139226839761
1989;O;12;0;-24.7590755301712;31.75103381956606
1989;O;13;0;-24.756114145542053;31.737406207447755
1989;O;18;1;-24.755157104401967;31.751006742701044
1989;O;24;1;-24.75783937664608;31.707019401345114
1989;O;27;0;-24.755304721420426;31.706552486736136
1989;O;17;0;-24.738856777957924;31.714288467193356
1989;O;21;0;-24.709496305966987;31.735237850627726
1989;O;18;0;-24.712387202435863;31.703854489022365
1989;O;13;0;-24.688541468384702;31.688229096573956
1989;O;13;0;-24.675230251507035;31.759715957419246
1989;O;10;1;-24.671689312734895;31.760299740627108
1989;O;9;1;-24.667606571977586;31.760468758414685
1989;O;3;1;-24.653121529286647;31.74664055422847
1989;O;9;0;-24.645058492475528;31.717526138876057
1989;O;36;2;-24.553988461672887;31.935786667211097
1989;O;13;1;-24.541994176085996;31.908448073059564
1989;O;17;0;-24.527091175423198;31.919179946165634
1989;O;12;1;-24.51741252665165;31.880230006800865
1989;O;15;1;-24.48237517303343;31.967906131050388
1989;O;10;0;-24.485968678520976;31.94385477883599
1989;O;33;2;-24.45765664107013;31.857556034749805
1989;O;21;0;-24.473311864396504;31.80193498112165
1989;O;6;1;-24.477022579704357;31.80087969542826
1989;O;27;2;-24.479245478168433;31.800887540801355
1989;O;9;0;-24.48303728138384;31.799208263141683
1989;O;8;0;-24.47378468440647;31.735297774256136
1989;O;6;0;-24.507864035788568;31.46816128465672
1989;O;19;1;-24.52752640771936;31.455499876559774
1989;O;18;1;-24.537199435241718;31.46466897448234
1989;O;14;0;-24.5017318276695;31.518545737637766
1989;O;10;1;-24.581819140433144;31.75382158880634
1989;O;36;0;-24.585731735975273;31.756453487136735
1989;O;26;0;-24.591033107638705;31.715615218523624
1989;O;49;4;-24.608694412162883;31.802763168870314
1989;O;12;1;-24.61554587158999;31.803968830805694
1989;O;6;1;-24.476600411981458;31.801369548631076
1989;O;16;0;-23.982363188341836;31.782766713131814
1989;O;14;0;-23.986681831859556;31.784333201584726
1989;O;3;0;-23.99020380461326;31.783387948051548
1989;O;15;2;-24.081073350162928;31.716813885498897
1989;O;19;1;-24.071763696477877;31.749535641602794
1989;O;18;2;-24.08701795938426;31.79700864211462
1989;O;13;0;-24.071698441525072;31.813866749629
1989;O;14;0;-24.04890003380411;31.854077419644558
1989;O;13;0;-24.046193575340222;31.679633947258818
1989;O;12;2;-24.042497372553154;31.677827222049388
1989;O;22;1;-24.03970293650855;31.659763970694677
1989;O;19;1;-24.03647615750656;31.659014177619017
1989;O;30;0;-24.037329721031682;31.46470629186502
1989;O;21;1;-24.042102438626916;31.46473027540726
1989;O;14;2;-24.04831329291355;31.467350683300936
1989;O;16;0;-24.05250833706588;31.467715545039148
1989;O;9;1;-24.0562112512218;31.46894759848793
1989;O;4;0;-24.06014472341708;31.468133772676925
1989;O;14;1;-24.0611667684905;31.49841613991833
1989;O;10;0;-24.13744461667126;31.649055767643063
1989;O;10;0;-24.15737984527289;31.561388855767117
1989;O;25;1;-24.14751634384895;31.6159210134409
1989;O;20;1;-24.186353333511263;31.70314826234683
1989;O;20;0;-24.178954727508295;31.559023635859187
1989;O;16;0;-24.20163297303872;31.489894125152876
1989;O;12;0;-24.2255901995146;31.58386404180365
1989;O;4;0;-24.23366286241551;31.59993464045321
1989;O;12;1;-24.23729571314486;31.599316128250834
1989;O;16;0;-24.239560398658693;31.61167273013987
1989;O;36;2;-24.243144154767343;31.611328339266127
1989;O;21;1;-24.314126432627177;31.50688173626359
1989;O;9;0;-24.28473094341687;31.487331855539537
1989;O;3;0;-24.35214125610797;31.552632846435735
1989;O;9;0;-24.353725703784665;31.56232963020196
1989;O;14;0;-24.35609236179498;31.55226913213519
1989;O;18;0;-24.359181919264;31.551017298036022
1989;O;11;1;-24.436111282970515;31.471705833474005
1989;O;13;0;-24.453433356330677;31.581643627789433
1989;O;7;0;-24.093469142783494;31.395195061997168
1989;O;16;2;-24.369981675379222;31.968943468079722
1989;O;8;0;-24.361324798439362;31.97140874343915
1989;O;18;0;-24.35794141335073;31.96835718758614
1989;O;16;1;-24.067326333230916;31.286860476974343
1989;O;8;0;-24.057957286167245;31.302623928542513
1989;O;10;1;-24.067039053744583;31.342180210676823
1989;O;19;0;-24.032392989527317;31.347479933375205
1989;O;18;1;-24.013843222709355;31.352915460316638
1989;O;18;0;-23.98552200243014;31.338311974657756
1989;O;19;2;-23.991881805578032;31.397480733876446
1989;O;17;1;-23.963440322193573;31.591735056554654
1989;O;12;1;-24.041801527401397;31.678377434273518
1989;O;6;1;-24.044988927033803;31.67791164708794
1989;O;8;0;-24.048613945381835;31.678616872184755
1989;O;20;0;-24.060258121847838;31.69644417551623
1989;O;25;1;-24.046147733490013;31.69656180206696
1989;O;16;1;-24.055136819874505;31.713710926499687
1989;O;34;0;-24.04753866378909;31.736723195576346
1989;O;25;0;-24.03702447760768;31.743172656747085
1989;O;12;1;-24.020297848806404;31.727051765449666
1989;O;31;0;-23.955766304872814;31.779886554894794
1989;O;8;1;-23.952163477026883;31.780077680245515
1989;O;5;0;-23.948838035441163;31.78007014510779
1989;O;10;1;-23.94419391485488;31.782250591168538
1989;O;8;1;-23.944527724210992;31.77194414651334
1989;O;3;0;-23.91495161287376;31.53839687424884
1989;O;12;2;-23.943688837741664;31.39388681779515
1989;O;10;2;-23.917447981309937;31.400126551189384
1989;O;5;0;-23.992991692425704;31.237447551206262
1989;O;27;2;-23.98939039352153;31.23612000817631
1989;O;19;1;-23.973181984219856;31.18746032002664
1989;O;18;1;-23.956637226521497;31.24224550347052
1989;O;13;0;-23.89547667969814;31.20498694867723
1989;O;24;2;-23.899306429583586;31.344840102463884
1989;O;6;0;-23.906334800761257;31.359768930646883
1989;O;31;2;-23.77282174936918;31.16363133243574
1989;O;10;1;-23.721593240341967;31.170063918379494
1989;O;6;0;-23.72840308762684;31.172842745766246
1989;O;47;2;-23.72635530909666;31.188074837862477
1989;O;17;1;-23.73752000908196;31.177817732840378
1989;O;31;0;-23.741514375652244;31.178698027156404
1989;O;23;1;-23.73341128517467;31.266639744656455
1989;O;34;4;-23.740579262574887;31.280523275295238
1989;O;8;1;-23.735194899506613;31.306677558755915
1989;O;12;1;-23.73092255814804;31.306643027226084
1989;O;17;1;-23.727111008538564;31.307729899797355
1989;O;30;2;-23.772233046654804;31.35615587937671
1989;O;7;0;-23.77315546592058;31.40283915166403
1989;O;8;2;-23.777592679539286;31.399662353691973
1989;O;23;1;-23.77529464273486;31.411234182492006
1989;O;8;1;-23.781422323464934;31.403529948564838
1989;O;15;2;-23.786734541089988;31.4028448747221
1989;O;2;1;-23.789828775978275;31.403225201921575
1989;O;61;1;-23.7629090503376;31.463788033601336
1989;O;33;0;-23.75965410075653;31.485216698863805
1989;O;16;0;-23.763770585307345;31.47952461842542
1989;O;83;4;-23.792207900401856;31.53879286418195
1989;O;19;2;-23.801115522080316;31.545261151146146
1989;O;3;0;-23.836727691096893;31.58898503693282
1989;O;15;0;-23.917550326948874;31.70779948436802
1989;O;4;0;-23.91390280461135;31.70647176499813
1989;O;38;1;-23.821773005285227;31.624503783798364
1989;O;4;0;-23.74870033681657;31.469706261985714
1989;O;15;2;-23.741683654652885;31.397963235199423
1989;O;11;0;-23.733695039260443;31.396102941639136
1989;O;18;1;-23.72222511437895;31.365952135867055
1989;O;6;0;-23.704072532094578;31.38951330145138
1989;O;10;0;-23.706696713429942;31.48855811094769
1989;O;53;0;-23.70339452998269;31.488326653169203
1989;O;16;0;-23.698198059335105;31.48866345538762
1989;O;28;0;-23.652507420535695;31.272955672556304
1989;O;27;3;-23.601853569578566;31.1233371611899
1989;O;7;1;-23.59408589547265;31.267371765114966
1989;O;20;0;-23.573073141836765;31.24215392339767
1989;O;11;0;-23.563916058140556;31.25388456885225
1989;O;15;1;-23.792072099438737;31.195965660724767
1989;O;18;0;-23.73464634607674;31.41440415982515
1989;O;9;0;-23.462200074868697;31.24289063370267
1989;O;19;0;-23.435869964124137;31.101502221634753
1989;O;13;0;-23.396342258709158;31.106181381860203
1989;O;47;2;-23.384332580817798;31.09780349531466
1989;O;19;0;-23.38271282294786;31.144810019501897
1989;O;5;0;-23.29267440967885;31.082484946906487
1989;O;6;0;-23.245481105593992;31.065843603378397
1989;O;13;0;-23.238909663260497;31.07684795701021
1989;O;10;1;-23.221532285756943;31.042886398274923
1989;O;10;1;-23.21119654285891;31.04490509649445
1989;O;10;2;-23.20104313771637;31.052282396489915
1989;O;53;3;-23.208113418060055;31.156010069105513
1989;O;7;1;-23.21162760731396;31.155047876651206
1989;O;12;0;-23.214452239294836;31.156292445732344
1989;O;7;0;-23.17949760575738;31.50909178559396
1989;O;32;0;-23.164093947566123;31.024433137762852
1989;O;22;0;-23.16226253301053;31.02199821445885
1989;O;11;0;-23.151052582893996;31.038559461591603
1989;O;8;0;-23.14535813075285;31.059068960234338
1989;O;15;0;-23.140049640848577;31.069733902514308
1989;O;33;0;-23.140673212096658;31.058830231862228
1989;O;38;0;-23.13805052933799;31.057400191138314
1989;O;13;1;-23.115974894775388;31.04735759710247
1989;O;14;0;-23.111892367469395;31.04677852628745
1989;O;2;0;-23.14764982593195;31.101590885881496
1989;O;9;0;-23.14391316739745;31.10106429857768
1989;O;6;0;-23.116122698968915;31.10025149684396
1989;O;27;0;-23.111995736955578;31.099400632640066
1989;O;30;1;-23.123469360085686;31.15377662154762
1989;O;9;0;-23.12870968536504;31.146566416466463
1989;O;17;1;-23.126826017014732;31.155953531694237
1989;O;6;0;-23.130925206707506;31.157544632015583
1989;O;22;3;-23.134925620840317;31.15651863420998
1989;O;24;0;-23.145613716325183;31.163893940625602
1989;O;26;0;-23.14908944888081;31.165504209584075
1989;O;7;0;-23.170546864585276;31.29068092239057
1989;O;28;1;-23.165873084259605;31.299549768795263
1989;O;25;1;-23.16550310489428;31.317761536850533
1989;O;11;0;-23.08699192355453;31.400369410407936
1989;O;13;1;-22.974239099187624;30.954760919725327
1989;O;28;4;-22.983181924967553;30.964292881125647
1989;O;16;1;-22.931910347153746;30.978378147781747
1989;O;16;0;-22.953766318516056;30.99389819410147
1989;O;19;1;-22.95930307419054;31.012630984971295
1989;O;19;2;-22.990966476476974;31.028805176320102
1989;O;13;0;-22.98661170496882;31.052831334463995
1989;O;18;1;-22.990829337567405;31.053954504703704
1989;O;9;0;-22.963250542429538;31.0887590841958
1989;O;18;1;-22.96709855466311;31.089903757010056
1989;O;15;1;-23.024673225922037;31.01414540014926
1989;O;15;0;-23.025322750600235;31.035401924415996
1989;O;7;0;-23.028961313155637;31.036816276384283
1989;O;31;2;-23.032090669045964;31.038448121258718
1989;O;14;0;-22.876532149625593;30.970287802305503
1989;O;42;3;-22.85642677254374;31.009724472379258
1989;O;9;0;-22.856280360632997;31.021841842103616
1989;O;21;1;-22.86050239010839;31.02227394800359
1989;O;26;0;-22.90248619900117;31.04554878643195
1989;O;29;1;-23.05182895652247;31.2268934022885
1989;O;12;1;-23.005000471926166;31.34801244977341
1989;O;24;1;-23.004176154651365;31.332455843261446
1989;O;11;0;-23.007340406982618;31.321352274971
1989;O;8;0;-23.00176544415347;31.330361294500545
1989;O;12;0;-23.00265092839743;31.32182927614943
1989;O;7;0;-23.00117323052811;31.3182374118152
1989;O;47;4;-22.999409968284343;31.31597583906574
1989;O;16;0;-22.986766231333753;31.380036445031035
1989;O;28;2;-22.982976621848522;31.38057070747869
1989;O;32;0;-22.979634582368597;31.37972667164796
1989;O;29;1;-22.97585397605307;31.378854157966263
1989;O;40;0;-22.973018048456378;31.378286219119598
1989;O;24;1;-22.815827738800635;31.0553481550747
1989;O;13;0;-22.856778830971642;31.193605340146515
1989;O;15;0;-22.82509695618486;31.1948315589934
1989;O;12;1;-22.79914476690446;31.169995139414528
1989;O;15;1;-22.78424521304092;31.13518611771465
1989;O;34;1;-22.771576424302467;31.0582405322502
1989;O;18;0;-22.77269418368368;31.04586030549467
1989;O;15;0;-22.710965020600167;31.070737845594127
1989;O;8;0;-22.7034794557067;31.068006218482044
1989;O;62;4;-22.706933148361397;31.069443600631573
1989;O;17;1;-22.688971864439342;31.112971541782876
1989;O;16;0;-22.369556304371795;31.195497514812683
1989;O;30;0;-22.41385694014185;31.142109939529497
1989;O;31;1;-22.41693568099591;31.141269018871217
1989;O;21;1;-22.447399102235455;31.13653121815593
1989;O;8;0;-22.451317118095915;31.187921591927438
1989;O;26;0;-22.472346355260473;31.13638180272741
1989;O;9;0;-22.47940172809695;31.16734415615373
1989;O;36;1;-22.576365363198466;31.130802860317445
1989;O;11;0;-22.580454558558454;31.130453618982152
1989;O;5;0;-22.60761517529885;31.08193774406581
1989;O;18;0;-22.61803262386552;31.06438459735501
1989;O;11;2;-22.632325639575914;30.98572549874166
1989;O;9;0;-22.634531792699573;30.98434343120196
