N_NAME;TYPE;RANGER_SEC;STATUS;PURPOSE;LOCALITY;LON;LAT;FUTURE
Ampie;Borehole;MAL;Open;T;13 km NNE Malelane;31.52741;-25.35544;RemainOpen
Awie se Dam;"Dam, earthen";WOO;Open;C;18 km ENE Shangoni;31.11021;-23.11559;ScheduledToClose
B.G.Kamp;Borehole;VLA;Open;C;11 km NNE Vlakte Plaas;31.26782;-22.78243;RemainOpen
Babalala;"Dam, earthen";VLA;open;T;5 km SSE Vlakte Plaas;31.25535;-22.90018;ScheduledToClose
Bangu;Borehole;HOU;Open;T;14 km SE Olifants;31.82136;-24.10900;RemainOpen
Bateleur;Borehole;WOO;Open;T;"2,5 km SSW Woodlands";31.20030;-23.23410;RemainOpen
Berg en Dal;"Dam, earthen";MAL;Open;T & D;8 km NW Malelane;31.45126;-25.42546;RemainOpen
Biyamiti;Borehole;MAL;Open;T;17 km E Pretoriuskop;31.64028;-25.28737;ScheduledToClose
Biyamiti Dam;"Dam, concrete";STO;Open;C;17 km E Pretoriuskop;31.43660;-25.17270;ScheduledToClose
Black Heron;"Dam, earthen";MAH/PHA;Open;C;9 km SE Mahlangeni;31.21352;-23.69965;RemainOpen
Bowker Kop;Borehole;MOO;Open;T;2 km N Mooi Plaas;31.40047;-23.49789;RemainOpen
Brak Kol;Borehole;STO;Open;C;"11,5 km NE Stols Nek";31.47480;-25.25390;RemainOpen
Buig of Bars;Borehole;WOO;Open;T;"5,5 km SSW Woodlands";31.18410;-23.26250;RemainOpen
Capricorn;Borehole;MOO;Open;C;5 km NE Mooi Plaas;31.43958;-23.48458;RemainOpen
Coetzer No4;Borehole;PUN;Open;T;1 km SE Punda Maria;31.02160;-22.69770;RemainOpen
De Laporte;Borehole;SKZ;Open;T;7 km SSW Skukuza;31.56910;-25.05813;ScheduledToClose
Dili;Borehole;SHA;Open;C;22 km NNW Woodlands;31.13120;-23.03150;RemainOpen
Doispane;Borehole;PRE;Open;C & D;"18,5 km NNE Pretoriuskop";31.34360;-25.01470;ScheduledToClose
Dzombo East;Borehole;SHI;open;C;19 km SSW Shingwedzi;31.40099;-23.28180;ScheduledToClose
Dzombo West;Borehole;WOO;Open;T;19 km SSW Shingwedzi;31.38717;-23.28204;ScheduledToClose
Dzundzula;Borehole;PUN;Open;C;7 km SW Vlakte Plaas;31.17860;-22.91190;ClosedButStandby
Eendrag;Borehole;MOO;Open;T;13 km NW Mooi Plaas;31.33172;-23.40420;ClosedButStandby
Elands Kuil;Borehole;PUN;Open;T;15 km E Punda Maria;31.16219;-22.70682;ScheduledToClose
Engelhard Dam;"Dam, earthen";LET;Open;T;6 km E Letaba;31.61630;-23.83999;RemainOpen
Erfplaas;Borehole;PHA;Open;T;14 km E Phalaborwa;31.30303;-23.92063;RemainOpen
Fairfield;Borehole;KFI;Open;T;19 km SE Kingfisher Spruit;31.59355;-24.56135;ScheduledToClose
Figtree;Borehole;SHA;Open;C;17 km NNE Shangoni;30.98492;-23.10800;RemainOpen
Frazers Rus;Borehole;MOO;Open;T;10 km WNW Mooi Plaas;31.31343;-23.48262;RemainOpen
Gans Pan;"Dam, earthen";SHI;Open;C;16 km SSE Shingwedzi;31.48333;-23.25556;ScheduledToClose
Gezantfombi;"Dam, concrete";KRO;Open;T;3 km NW Crocodile Bridge;31.87876;-25.33097;ScheduledToClose
Girivana (Solar);Borehole;SAT;Open;T;10 km WNW Satara;31.58160;-24.35860;RemainOpen
Goed Gegun;Borehole;HOU;Open;T & D;1 km SE Houtboschrand;31.67080;-24.11000;ScheduledToClose
Gomondwane;Borehole;KRO;Open;T;"12,5 km NNE Crocodile Bridge";31.84220;-25.20720;RemainOpen
Gorra;Borehole;SHI;Open;T;9 km NE Shingwedzi;31.38872;-23.04790;ScheduledToClose
Groot Vlei (Hlamvu);"Dam, earthen";SHI;Open;T;27 km SSE Shingwedzi;31.51460;-23.34878;ScheduledToClose
Grootgeluk;Borehole;PUN;Open;C;20 km S Punda maria;31.02793;-22.87508;RemainOpen
Grysbok;Borehole;MOO;Open;T;"8,5 km NW Mooi Plaas";31.34872;-23.45150;ClosedButStandby
Gudzani;Borehole;NWA;Open;T;17 km NNE Satara;31.83928;-24.25167;ScheduledToClose
Gudzani;"Dam, concrete";NWA;Open;T;11 km NNW N'wanetsi;31.92411;-24.36281;RemainOpen
Gudzani East No1;Borehole;NWA;Open;T;15 km NNW N'wanetsi;31.89335;-24.32810;ScheduledToClose
Gudzani;Borehole;NWA;Open;T;17 km NNE Satara;31.83872;-24.25302;RemainOpen
Hamerkop;Borehole;HOU;Open;C;15 km SW Houtboshrand;31.58220;-24.21170;ScheduledToClose
Hartbees Fontein;"Dam, earthen";KFI;Open;C;"7,5 km N Kingfisherspruit";31.47256;-24.39467;ScheduledToClose
Hillside;Borehole;OSA;Open;T;17 km N Lower Sabie;31.91300;-24.96862;RemainOpen
Hlamvu (Groot Vlei);"Dam, earthen";SHI;Open;T;27 km SSE Shingwedzi;31.00250;-22.86833;ScheduledToClose
Hlanguphalala;Borehole;SHA;Open;C;"18,5 km N Shangoni";30.93890;-22.99880;ScheduledToClose
Hlulamadvodza;"Dam, concrete";PRE;Open;C;2 km ENE Phabeni Gate;31.25987;-25.01781;ScheduledToClose
Houtbosch Rand;Borehole;HOU;Open;C;23 km SW Houtbosh Rand;31.52675;-24.26108;ScheduledToClose
Hoyo Hoyo Camp;Borehole;KFI;Open;C & D;;31.60018;-24.59937;RemainOpen
Imbali Camp No1;Borehole;KFI;Open;C & D;;31.63038;-24.59447;RemainOpen
Imbali Camp No2;Borehole;KFI;Open;C & D;;31.63225;-24.59365;RemainOpen
James;Borehole;MAL;Open;T;14 km NNE Malelane;31.57662;-25.36653;ScheduledToClose
Jim;Borehole;OLI;Open;C;12 km WNW Olifants;31.62131;-23.98006;ScheduledToClose
Joo;Borehole;SHI;Open;T;8 km WSW Shingwedzi;31.36313;-23.09227;RemainOpen
Jones' dam;"Dam, earthen";TSH;Open;T;13 km SW Tshokwane;31.75287;-24.85650;ScheduledToClose
Kanniedood;"Dam, concrete";SHI;Open;T;5 km SE Shingwedzi;31.45457;-23.12675;RemainOpen
Klein Shawu;Borehole;MOO;Open;T;16 km SE Mooiplaas;31.48410;-23.64132;RemainOpen
Klopper Fontein;"Dam, concrete";PUN;Open;T;17 km ENE Punda Maria;31.17171;-22.62867;ScheduledToClose
Klopper Fontein;Borehole;PAF;Open;T;16 km ENE Punda Maria;31.16501;-22.63666;RemainOpen
Komapiti;Borehole;STO;Open;T;14 km ESE Pretoriuskop;31.39655;-25.21855;ScheduledToClose
Krap Kuil;"Dam, earthen";WOO;Open;C;"9,5 km ESE Woodlands";31.29937;-23.24849;ScheduledToClose
Kremetart;Borehole;PAF;Open;T;"19,5 km SSW Pafuri";31.17785;-22.59912;RemainOpen
Kumana;"Dam, earthen";TSH;Open;T;19 km NNW Tshokwane;31.79528;-24.61963;RemainOpen
Kumana;Borehole;NWA;Open;T;19 km NNW Tshokwane;31.79523;-24.61845;RemainOpen
Kwaggas Pan;Borehole;SKZ;Open;T;17 km SSW Skukuza;31.55894;-25.14479;RemainOpen
Lake Panic;"Dam, earthen";SKZ;Open;C & D;"1,5 km NW Skukuza";31.57438;-24.98509;RemainOpen
Lake Panic;"Dam, earthen";SKZ;Open;C & D;"1,5 km NW Skukuza";31.57008;-24.98173;RemainOpen
Lala Palm;Borehole;PAF;Open;C;7 km NNW Pafuri;31.18176;-22.35969;RemainOpen
Lamont;Borehole;SHI;Open;T;6 km NNW Shingwedzi;31.40492;-23.07130;RemainOpen
Leeu Bron;Borehole;KFI;Open;T;20 km NE Kingfisher Spruit;31.58605;-24.32768;ScheduledToClose
Lisbon Weir;"Dam, concrete";SKZ;Open;W;?;31.43134;-24.98383;RemainOpen
Loskop;Borehole;OSA;Open;T;14 km N Lower Sabie;31.90505;-24.98982;RemainOpen
Lugmag;"Dam, earthen";TSH;Open;T;20 km WNW Tshokwane;31.66910;-24.72751;ScheduledToClose
Machangani;Borehole;PHA;Open;C;"6,5 km NE Phalaborwa";31.20694;-23.90560;ScheduledToClose
Mafunyana;Borehole;SHA;Open;C;9 km NE Shangoni;31.00158;-23.10434;ScheduledToClose
Magamba East;Borehole;VLA;Open;T;"19,5 km ESE Punda Maria";31.19412;-22.76925;RemainOpen
Magamba West;Borehole;VLA;Open;T;"19,5 km ESE Punda Maria";31.19205;-22.77097;RemainOpen
Mahembane South;Borehole;PUN;Open;C;4 km N Punda Maria;31.02540;-22.65481;RemainOpen
Mahlabyanini;Borehole;KFI;Open;C;"15,5 km SSE Kingfisher Spruit";31.51260;-24.58502;RemainOpen
Makhadzi;Borehole;MOO;Open;C & D;"17,5 km NNE Letaba";31.61858;-23.69563;RemainOpen
Makhohlola;"Dam, earthen";OSA;Open;C;"11,5 km NNW Crocodile Bridge";31.86008;-25.25518;ScheduledToClose
Malitube;Fountain & small earth dam;PUN;Open;C;"1,5 km NE Punda Maria";31.03413;-22.68524;ScheduledToClose
Malopenyana;Borehole;LET;Open;T;16 km NNE Letaba;31.54238;-23.70972;ScheduledToClose
Mamba;"DAM, concrete weir";PHA;Open;W;"14,5 km SSE Phalaborwa";31.20972;-24.03833;RemainOpen
Mananga;Borehole;NWA;Open;C;11 km NE Satara;31.83649;-24.31564;RemainOpen
Mandadzidzi;Borehole;PUN;Open;T;14 km E Punda Maria;31.16116;-22.68927;ScheduledToClose
Mantimahle dam;"Dam, earthen";TSH;Open;T;18 km SW Tshokwane;31.73029;-24.89878;ScheduledToClose
Manzimhlophe;Borehole;TSH;Open;T;14 km SW Tshokwane;31.73384;-24.84306;RemainOpen
Mapetane;Pipeline trough;SAT;Open;C;19 km N Satara;31.77640;-24.22360;ScheduledToClose
Marheya;"Dam, earthen";SAT;Open;C;11 km SSE Satara;31.81078;-24.49557;ScheduledToClose
Mashagadzi;Borehole;SHI;Open;T;3 km SSW Shingwedzi;31.41997;-23.14042;RemainOpen
Mashikiri;Borehole;PAF;Open;T;"18,5 km SSW Pafuri";31.18178;-22.58691;RemainOpen
Masorini;Borehole;PHA;Open;T & D;11 km ENE Phalaborwa;31.27627;-23.93157;RemainOpen
Matjulu;Borehole;STO;Open;T;"10,5 km NW Malelane";31.43616;-25.40431;RemainOpen
Matjulu;Borehole;STO;Open;T;"10,5 km NW Malelane";31.43650;-25.40305;RemainOpen
Matukwale;"Dam, earthen";PUN;Open;T;6 km W Punda Maria;30.96290;-22.68223;ScheduledToClose
Mazanje;Borehole;PAF;Open;T;"16,5 km S Pafuri";31.19371;-22.55779;RemainOpen
Mazithi;Borehole;TSH;Open;T;"7,5 km NNW Tshokwane";31.83472;-24.72107;ScheduledToClose
Mazithi;"Dam, earthen";TSH;Open;T;"7,5 km NNW Tshokwane";31.83596;-24.72157;RemainOpen
Mestel;"Dam, earthen";PRE;Open;T;8 km NW Pretoriuskop;31.21500;-25.11726;RemainOpen
Mhisana Mond;Borehole;SAT;Open;T;24 km SSW Satara;31.70940;-24.60380;RemainOpen
Middelvlei;Borehole;MOO;Open;T;20 km NNW Letaba;31.54310;-23.67640;ScheduledToClose
Milaleni;Borehole;SAT;Open;C;"11,5 km SE Satara";31.84630;-24.48270;ScheduledToClose
Mingerhout;"Dam, concrete weir";LET;Open;T;"12,5 km NNW Letaba";31.51827;-23.76250;ScheduledToClose
Mlondozi;"Dam, earthen";OSA;Open;T;10 km NNE Lower Sabie;31.92907;-25.03528;RemainOpen
Mondzweni;Borehole;KFI;Open;T;"22,5 km SE Kingfisher Spruit";31.64061;-24.55901;ScheduledToClose
Mooi Gesig;"Dam, earthen";WOO;Open;C;"28,5 km NW Woodlands";31.03285;-23.02379;ScheduledToClose
Mooiplaas;Borehole;MOO;Open;C;5 km SE Mooi Plaas;31.44366;-23.53972;RemainOpen
Mooiplaas Picnic;Borehole;MOO;Open;T;"6,5 km SE Mooi Plaas";31.44215;-23.54001;RemainOpen
Mpanamana;"Dam, earthen";KRO;Open;C;10 km ENE Crocodile Bridge;31.97292;-25.30740;ScheduledToClose
Mpofeni dam;"Dam, earthen";MAH;Open;C;"1,5 km NE Stapel Kop dam";31.26588;-23.58786;ScheduledToClose
Mpondo;"Dam, earthen";KRO;Open;T;"26,5 km SSE Skukuza";31.71681;-25.20195;ScheduledToClose
Mtshawu;"Dam, earthen";PRE;Open;T;8 km N Pretoriuskop;31.26018;-25.09787;ScheduledToClose
Muhlambamadvube;Borehole;SKZ;Open;T;23 km S Skukuza;31.59445;-25.20538;ScheduledToClose
Muntshe;Borehole;OSA;Open;T;"19,5 km N Lower Sabie";31.90292;-24.96862;RemainOpen
Muzandzeni No1;Borehole;SAT;Open;T;17 km SW Satara;31.63744;-24.48139;ScheduledToClose
Muzandzeni No2;Borehole;SAT;Open;T;17 km SW Satara;31.63784;-24.48171;ScheduledToClose
Mzandzeni;Borehole;PAF;Open;C;20 km SSW Pafuri;31.21060;-22.59720;RemainOpen
Nandzana;Borehole;PHA;Open;T;"17,5 km NE Phalaborwa";31.28942;-23.83262;RemainOpen
Napi;"Dam, earthen";PRE;Open;C;12 km NE Pretoriuskop;31.37541;-25.11762;ScheduledToClose
Ngotso;"Dam, earthen";HOU;Open;T;"9,5 km SSE Houtbosch Rand";31.72145;-24.17579;ScheduledToClose
Ngotso;"Dam, concrete weir";HOU;Open;T;5 km E Houtbosch Rand;31.72110;-24.10367;ScheduledToClose
Ngotso North;Pipeline trough;HOU;Open;T;5 km SE Houtbosch Rand;31.70740;-24.12987;ScheduledToClose
Ngotso South;Pipeline trough;HOU;Open;T;13 km SSE Houtbosch Rand;31.72060;-24.20750;RemainOpen
Ngwenyeni;"Dam, concrete weir";KFI;Open;T;29 km SE Kingfisher Spruit;31.67159;-24.62104;RemainOpen
Ngwenyeni;Borehole;KFI;Open;C;"25,5 km SSW Satara";31.67073;-24.61499;RemainOpen
Ngwenyeni Phalaborwa;Borehole;PHA;Open;T;12 km NNE Phalaborwa;31.23875;-23.85815;RemainOpen
Nhlanganini (Winkelhaak);"Dam, earthen";LET;Open;T;12 km SW Letaba;31.49454;-23.93523;RemainOpen
Nhlanganzwani;"Dam, earthen";OSA;Open;T;13 km SSE Lower Sabie;31.97515;-25.23460;ScheduledToClose
Nhlanguleni;Borehole;TSH;Open;T;22 km NNW Tshokwane;31.65580;-24.70880;ScheduledToClose
Nhlangwini;Borehole;PRE;Open;C;5 km SSE Pretoriuskop;31.29409;-25.20501;RemainOpen
Nhlarhweni;Borehole;PHA;Open;C;20 km N Phalaborwa;31.15986;-23.76412;RemainOpen
Nhlotini;Borehole;SKZ;Open;T;17 km SSE Skukuza;31.66775;-25.13599;ScheduledToClose
Nkayeni;Borehole;SHA;Open;C;"11,5 km SE Shangoni";31.02190;-23.24520;RemainOpen
Nkokodzi;Borehole;WOO;Open;T;11 km ESE Woodlands;31.31747;-23.24300;ScheduledToClose
Nkombanini;Borehole;STO;Open;C;"23,5 km SSW Skukuza";31.55383;-25.20648;ScheduledToClose
Nkovakulu;Borehole;PAF;Open;T;"12,5 km SSW Pafuri";31.19203;-22.53036;ScheduledToClose
Nsemani;"Dam, earthen";SAT;Open;T;6 km W Satara;31.71945;-24.39361;RemainOpen
Nshawu;Borehole;KRO;Open;T;"12,5 km SE Mooi Plaas";31.98632;-25.30880;RemainOpen
Nshawu No1;Borehole;MOO;Open;T;"12,5 km SE Mooi Plaas";31.47064;-23.60666;RemainOpen
Nshawu No2;Borehole;KRO;Open;T;10 km SE Mooi Plaas;31.97175;-25.31097;RemainOpen
Nshawu No3;Borehole;MOO;Open;T;9 km ESE Mooi Plaas;31.48713;-23.52846;RemainOpen
Nsikazi;"DAM, concrete weir";STO;Open;W;15 km WSW Malelane;31.25642;-25.26921;RemainOpen
Ntente;Borehole;OSA;Open;D;9 km ENE Lower Sabie;32.00250;-25.05657;RemainOpen
Ntsumanini South;Borehole;PUN;Open;C;"9,5 km NE Punda Maria";31.10440;-22.66270;RemainOpen
Ntswiriri;"Dam, earthen";TSH;Open;C;25 km WSW Tshokwane;31.62698;-24.86151;ScheduledToClose
N'wambu;Borehole;MOO;Open;T;18 km NNW Mooi Plaas;31.31890;-23.36950;ClosedButStandby
N'wamuriwa;Borehole;TSH;Open;C;;31.89521;-24.77252;OpenButStandby
N'wanetsana;"Dam, concrete";TSH;Open;C;23 km SW Tshokwane;31.66010;-24.89263;ScheduledToClose
N'wanetsi;"Dam, concrete weir";NWA;Open;W;"0,5 km E Nwanetsi";31.98101;-24.45389;RemainOpen
N'wanetsi East;Pipeline trough;SAT;Open;T;"5,5 km SW Satara";31.74566;-24.43711;RemainOpen
N'wanetsi Letaba;Borehole;LET;Open;T;16 km WSW Letaba;31.41667;-23.88313;RemainOpen
N'warihlangani South No2;Borehole;VLA;Open;T;17 km NW Shingwedzi;31.33310;-22.99690;RemainOpen
N'warihlangari South;Borehole;VLA;Open;T;17 km NW Shingwedzi;31.37086;-22.90224;RemainOpen
N'waswitshaka;"Dam, earthen";SKZ;Open;T;9 km SW Skukuza;31.51386;-25.03729;ScheduledToClose
N'waswitshaka;Borehole;SKZ;Open;T;9 km SW Skukuza;31.51560;-25.03660;ScheduledToClose
N'watimhiri;"Dam, earthen";SKZ;Open;T;"7,5 km SE Nkuhlu picnic site";31.80096;-25.05469;RemainOpen
N'watimhiri;Borehole;SKZ;Open;C;20 km W Lower Sabie;31.71670;-25.10280;ScheduledToClose
N'watindlopfu;"Dam, earthen";TSH;Open;T;"15,5 km SW Tshokwane";31.75186;-24.88606;ScheduledToClose
N'watindlopfu South (Olifant Drinkgat);Borehole;TSH;Open;T;17 km SW Tshokwane;31.74864;-24.89625;ScheduledToClose
N'watinungu;Borehole;NWA;Open;T;30 km SW N'wanetsi;31.81407;-24.67700;RemainOpen
Nyamarhi;Pipeline trough;HOU;Open;T;18 km S Olifants;31.71940;-24.16780;ScheduledToClose
Nyamundwa;"Dam, earthen";PRE;Open;T;"17,5 km NNE Pretoriuskop";31.33416;-25.02574;ScheduledToClose
Olifants Fontein;Borehole;SKZ;Open;C;"9,5 km SE Skukuza";31.65720;-25.05690;ScheduledToClose
Opsaal;Borehole;PAF;Open;C;23 km S Pafuri;31.17590;-22.62340;Closed
Orpen;"Dam, concrete";TSH;Open;T;"4,5 km E Tshokwane";31.90005;-24.79243;RemainOpen
Orpen;Borehole;KFI;Open;D & T;4 km ENE Kingfisher Spruit;31.39220;-24.47500;RemainOpen
Paradys;Borehole;PAF;Open;C;"4,5 km N Pafuri";31.21020;-22.37830;RemainOpen
Peru South;Borehole;HOU;Open;C;"18,5 km WSW Houtbosch Rand";31.49122;-24.14087;ScheduledToClose
Phonda;Borehole;WOO;Open;C;9 km N Woodlands;31.22311;-23.14067;ScheduledToClose
Piet Grobler;"Dam, concrete";HOU;Open;T;"14,5 km SSW Houtbosch Rand";31.63333;-24.23278;RemainOpen
Pionier;"Dam, earthen";MOO;Open;T;1 km S Mooi Plaas;31.39252;-23.52389;RemainOpen
Qivi ra Machangana;Borehole;WOO;Open;C;11 km NW Woodlands;31.15903;-23.13902;ScheduledToClose
Rabelais;Borehole;KFI;Open;T;"5,5 km E Kingfisher Spruit";31.49947;-24.45795;ScheduledToClose
Rand Spruit;Borehole;KRO;Open;T;"17,5 km SW Lower Sabie";31.77978;-25.21733;ScheduledToClose
Ratel Pan;Borehole;HOU;Open;T;"16,5 km S Houtbosh Rand";31.65178;-24.25149;ScheduledToClose
Red Rocks;Borehole;WOO;Open;T;16 km SW Shingwedzi;31.29358;-23.18171;RemainOpen
Reenvol;"Dam, earthen";PHA;Open;C;17 km ESE Phalaborwa;31.33028;-23.97277;ScheduledToClose
Renoster Koppies;"Dam, earthen";SKZ;Open;T;14 km S Skukuza;31.60758;-25.12274;ScheduledToClose
Renoster Koppies;Borehole;SKZ;Open;T;14 km S Skukuza;31.60662;-25.12276;ScheduledToClose
Renoster Pan;Borehole;STO;Open;T;"11,5 km E Stols Nek";31.51185;-25.32471;RemainOpen
Roadside;Borehole;LET;Open;C;"17,5 km W Tshokwane";31.67980;-23.77890;RemainOpen
Rockvale;Borehole;SAT;Open;T;"16,5 km WSW Satara";31.61440;-24.41970;ScheduledToClose
Rooibos Rant;"Dam, earthen";WOO;Open;T;6 km SW Woodlands;31.16861;-23.26129;ScheduledToClose
Sable;"Dam, earthen";PHA;Open;T;"7,5 km E Phalaborwa";31.23722;-23.93908;RemainOpen
Sandpiper;Borehole;WOO;Open;C;"24,5 km NNE Woodlands";31.31581;-23.02046;RemainOpen
Shibotwana;Borehole;SAT;Open;T;7 km E Satara;31.84702;-24.39305;ScheduledToClose
Shidzidzi;Pipeline trough;SAT;Open;C;16 km N Satara;31.75632;-24.25268;RemainOpen
Shidzivana;Borehole;PUN;Open;C;;31.16110;-22.74910;OpenButStandby
Shimangwaneni;"Dam, earthen";KFI;Open;T;20 km ESE Kingfisher Spruit;31.63896;-24.50352;ScheduledToClose
Shimuwini;Borehole;WOO;Open;T;17 km ESE Shangoni;31.09741;-23.23083;ClosedButStandby
Shimuwini;Borehole;WOO;Open;T;17 km ESE Shangoni;31.09765;-23.23098;RemainOpen
Shiphampanane;Borehole;SKZ;Open;T;"17,5 km SSW Skukuza";31.48970;-25.12351;RemainOpen
Shipembana Mond;Borehole;OLI;Open;C;;31.46270;-23.97570;OpenButStandby
Shibotwana;Borehole;SAT;Open;T;7 km E Satara;31.84362;-24.39456;RemainOpen
Shisha;"Dam, concrete weir";VLA;Open;W;"3,5 km NNE Vlakte Plaas";31.23903;-22.84222;RemainOpen
Shisha West;Borehole;VLA;Open;T;7 km NNW Vlakte Plaas;31.20982;-22.81050;RemainOpen
Shishangani;Borehole;SAT;Open;T;9 km W N'wanetsi;31.88993;-24.44007;RemainOpen
Shiteveteve West;Borehole;TSH;Open;C;21 km WSW Tshokwane;31.65800;-24.83790;RemainOpen
Shitlhave;"Dam, earthen";PRE;Open;T;6 km ENE Pretoriuskop;31.32519;-25.14517;ScheduledToClose
Shivhulani;Borehole;PHA;Open;T;17 km NE Phalaborwa;31.31578;-23.86822;ScheduledToClose
Silolweni;"Dam, earthen";TSH;Open;T;5 km SSW Tshokwane;31.83507;-24.82434;RemainOpen
Silwervis;"Dam, concrete";WOO;Open;T;1 km ESE Woodlands;31.22333;-23.21889;RemainOpen
Sirheni;"Dam, concrete";VLA;Open;T;"8,5 km S Vlakte Plaas";31.21689;-22.94300;RemainOpen
Sonop;Borehole;NWA;Open;T;"4,5 km WNW N'wanetsi";31.92975;-24.44455;ScheduledToClose
Stapel Kop;"Dam, earthen";MAH;Open;C;"17,5 km SW Mooiplaas";31.25191;-23.59353;ScheduledToClose
Stols Nek;"Dam, earthen";STO;Open;C;2 km SE Stols Nek;31.40408;-25.33583;ScheduledToClose
Sundvwini;Borehole;TSH;Open;C;18 km W Tshokwane;31.67963;-24.76094;ScheduledToClose
Sunset Dam;"Dam, earthen";OSA;Open;T;"0,5 km NW Lower Sabie";31.91149;-25.11735;RemainOpen
Swart Kop East;Borehole;HOU;Open;C;16 km SW Houtbosch Rand;31.53193;-24.17883;ScheduledToClose
Swartpiek;Borehole;SHA;Open;C;21 km NE Shangoni;30.93819;-23.00037;ClosedButStandby
Talamati;Borehole;KFI;Open;C;15 km SE Kingfisher Spruit;31.55496;-24.55752;RemainOpen
Tihongonyeni;Borehole;MOO;Open;T;10 km NE Mooi Plaas;31.44761;-23.43857;ScheduledToClose
Tihon'wini;Borehole;PUN;Open;C;"8,5 km SE Punda Maria";31.07917;-22.74654;RemainOpen
Timbavati;Borehole;KFI;Open;T & D;"19,5 km NW Satara";31.64219;-24.26061;ScheduledToClose
Timbiteni East;Borehole;TSH;Open;C;"22,5 km SW Tshokwane";31.65915;-24.87444;ScheduledToClose
Timbiteni West;Borehole;TSH;Open;C;"22,5 km SW Tshokwane";31.65780;-24.87310;ScheduledToClose
Tinhogana;Borehole;TSH;Open;T;13 km WNW Tshokwane;31.73334;-24.74384;ScheduledToClose
Transport (Vervoer);"Dam, earthen";SKZ;Open;T;17 km SW Skukuza;31.49246;-25.11842;ScheduledToClose
Tsale;Borehole;MAH;Open;T;16 km SSW Mooi Plaas;31.36280;-23.65830;ClosedButStandby
Tussenin;Borehole;SHA;Open;C;"12,5 km ENE Kingfisher Spruit";31.05481;-23.11378;ScheduledToClose
Van Graan;"Dam, concrete weir";MAL;Open;W;13 km ENE Malelane;31.61685;-25.43749;RemainOpen
Vervoer (Transport);"Dam, earthen";SKZ;Open;T;17 km SW Skukuza;31.49246;-25.11842;ScheduledToClose
Voortrekker;Borehole;STO;Open;T;11 km NE Stols Nek;31.46476;-25.25387;RemainOpen
Vutomi;"Dam, earthen";TSH;Open;T;13 km WNW Tshokwane;31.73864;-24.74254;ScheduledToClose
Welgelegen;Borehole;MOO;Open;C;"14,5 km NW Mooi Plaas";31.28030;-23.44112;ScheduledToClose
Welverdiend;Borehole;SAT;Open;C;14 km SW Satara;31.70319;-24.50473;RemainOpen
Wenela;"Dam, concrete weir";NWA;Open;T;"0,5 km N N'wanetsi";31.97685;-24.44577;RemainOpen
Winkelhaak (Nhlanganini);"Dam, earthen";LET;Open;T;"12,5 km SW Letaba";31.49454;-23.93523;RemainOpen
Witpens;Pipeline trough;SAT;Open;T;"7,5 km NNW Satara";31.75098;-24.32793;RemainOpen
