N_NAME;TYPE;RANGER_SEC;STATUS;PURPOSE;LOCALITY;LON;LAT;FUTURE
Ampie;Borehole;MAL;Open;T;13 km NNE Malelane;31.52741;-25.35544;RemainOpen
B.G.Kamp;Borehole;VLA;Open;C;11 km NNE Vlakte Plaas;31.26782;-22.78243;RemainOpen
Bangu;Borehole;HOU;Open;T;14 km SE Olifants;31.82136;-24.10900;RemainOpen
Bateleur;Borehole;WOO;Open;T;"2,5 km SSW Woodlands";31.20030;-23.23410;RemainOpen
Berg en Dal;"Dam, earthen";MAL;Open;T & D;8 km NW Malelane;31.45126;-25.42546;RemainOpen
Black Heron;"Dam, earthen";MAH/PHA;Open;C;9 km SE Mahlangeni;31.21352;-23.69965;RemainOpen
Bowker Kop;Borehole;MOO;Open;T;2 km N Mooi Plaas;31.40047;-23.49789;RemainOpen
Brak Kol;Borehole;STO;Open;C;"11,5 km NE Stols Nek";31.47480;-25.25390;RemainOpen
Bububu;Borehole;SHA;Closed;C;9 km NNW Shangoni;31.03065;-23.00065;RemainOpen
Buig of Bars;Borehole;WOO;Open;T;"5,5 km SSW Woodlands";31.18410;-23.26250;RemainOpen
Capricorn;Borehole;MOO;Open;C;5 km NE Mooi Plaas;31.43958;-23.48458;RemainOpen
Coetzer No4;Borehole;PUN;Open;T;1 km SE Punda Maria;31.02160;-22.69770;RemainOpen
Dili;Borehole;SHA;Open;C;22 km NNW Woodlands;31.13120;-23.03150;RemainOpen
Engelhard Dam;"Dam, earthen";LET;Open;T;6 km E Letaba;31.61630;-23.83999;RemainOpen
Erfplaas;Borehole;PHA;Open;T;14 km E Phalaborwa;31.30303;-23.92063;RemainOpen
Figtree;Borehole;SHA;Open;C;17 km NNE Shangoni;30.98492;-23.10800;RemainOpen
Frazers Rus;Borehole;MOO;Open;T;10 km WNW Mooi Plaas;31.31343;-23.48262;RemainOpen
Girivana (Solar);Borehole;SAT;Open;T;10 km WNW Satara;31.58160;-24.35860;RemainOpen
Gomondwane;Borehole;KRO;Open;T;"12,5 km NNE Crocodile Bridge";31.84220;-25.20720;RemainOpen
Grootgeluk;Borehole;PUN;Open;C;20 km S Punda maria;31.02793;-22.87508;RemainOpen
Gudzani;"Dam, concrete";NWA;Open;T;11 km NNW N'wanetsi;31.92411;-24.36281;RemainOpen
Gudzani;Borehole;NWA;Open;T;17 km NNE Satara;31.83872;-24.25302;RemainOpen
Hillside;Borehole;OSA;Open;T;17 km N Lower Sabie;31.91300;-24.96862;RemainOpen
Hoyo Hoyo Camp;Borehole;KFI;Open;C & D;;31.60018;-24.59937;RemainOpen
Imbali Camp No1;Borehole;KFI;Open;C & D;;31.63038;-24.59447;RemainOpen
Imbali Camp No2;Borehole;KFI;Open;C & D;;31.63225;-24.59365;RemainOpen
Joo;Borehole;SHI;Open;T;8 km WSW Shingwedzi;31.36313;-23.09227;RemainOpen
Kanniedood;"Dam, concrete";SHI;Open;T;5 km SE Shingwedzi;31.45457;-23.12675;RemainOpen
Klein Shawu;Borehole;MOO;Open;T;16 km SE Mooiplaas;31.48410;-23.64132;RemainOpen
Klopper Fontein;Borehole;PAF;Open;T;16 km ENE Punda Maria;31.16501;-22.63666;RemainOpen
Kremetart;Borehole;PAF;Open;T;"19,5 km SSW Pafuri";31.17785;-22.59912;RemainOpen
Kumana;"Dam, earthen";TSH;Open;T;19 km NNW Tshokwane;31.79528;-24.61963;RemainOpen
Kumana;Borehole;NWA;Open;T;19 km NNW Tshokwane;31.79523;-24.61845;RemainOpen
Kwaggas Pan;Borehole;SKZ;Open;T;17 km SSW Skukuza;31.55894;-25.14479;RemainOpen
Lake Panic;"Dam, earthen";SKZ;Open;C & D;"1,5 km NW Skukuza";31.57438;-24.98509;RemainOpen
Lake Panic;"Dam, earthen";SKZ;Open;C & D;"1,5 km NW Skukuza";31.57008;-24.98173;RemainOpen
Lala Palm;Borehole;PAF;Open;C;7 km NNW Pafuri;31.18176;-22.35969;RemainOpen
Lamont;Borehole;SHI;Open;T;6 km NNW Shingwedzi;31.40492;-23.07130;RemainOpen
Lisbon Weir;"Dam, concrete";SKZ;Open;W;?;31.43134;-24.98383;RemainOpen
Loskop;Borehole;OSA;Open;T;14 km N Lower Sabie;31.90505;-24.98982;RemainOpen
Magamba East;Borehole;VLA;Open;T;"19,5 km ESE Punda Maria";31.19412;-22.76925;RemainOpen
Magamba West;Borehole;VLA;Open;T;"19,5 km ESE Punda Maria";31.19205;-22.77097;RemainOpen
Mahembane South;Borehole;PUN;Open;C;4 km N Punda Maria;31.02540;-22.65481;RemainOpen
Mahlabyanini;Borehole;KFI;Open;C;"15,5 km SSE Kingfisher Spruit";31.51260;-24.58502;RemainOpen
Makhadzi;Borehole;MOO;Open;C & D;"17,5 km NNE Letaba";31.61858;-23.69563;RemainOpen
Mamba;"DAM, concrete weir";PHA;Open;W;"14,5 km SSE Phalaborwa";31.20972;-24.03833;RemainOpen
Mananga;Borehole;NWA;Open;C;11 km NE Satara;31.83649;-24.31564;RemainOpen
Manzimhlophe;Borehole;TSH;Open;T;14 km SW Tshokwane;31.73384;-24.84306;RemainOpen
Mashagadzi;Borehole;SHI;Open;T;3 km SSW Shingwedzi;31.41997;-23.14042;RemainOpen
Mashikiri;Borehole;PAF;Open;T;"18,5 km SSW Pafuri";31.18178;-22.58691;RemainOpen
Masorini;Borehole;PHA;Open;T & D;11 km ENE Phalaborwa;31.27627;-23.93157;RemainOpen
Matjulu;Borehole;STO;Open;T;"10,5 km NW Malelane";31.43616;-25.40431;RemainOpen
Matjulu;Borehole;STO;Open;T;"10,5 km NW Malelane";31.43650;-25.40305;RemainOpen
Mazanje;Borehole;PAF;Open;T;"16,5 km S Pafuri";31.19371;-22.55779;RemainOpen
Mazithi;"Dam, earthen";TSH;Open;T;"7,5 km NNW Tshokwane";31.83596;-24.72157;RemainOpen
Mestel;"Dam, earthen";PRE;Open;T;8 km NW Pretoriuskop;31.21500;-25.11726;RemainOpen
Mhisana Mond;Borehole;SAT;Open;T;24 km SSW Satara;31.70940;-24.60380;RemainOpen
Mlondozi;"Dam, earthen";OSA;Open;T;10 km NNE Lower Sabie;31.92907;-25.03528;RemainOpen
Mooiplaas;Borehole;MOO;Open;C;5 km SE Mooi Plaas;31.44366;-23.53972;RemainOpen
Mooiplaas Picnic;Borehole;MOO;Open;T;"6,5 km SE Mooi Plaas";31.44215;-23.54001;RemainOpen
Muntshe;Borehole;OSA;Open;T;"19,5 km N Lower Sabie";31.90292;-24.96862;RemainOpen
Mzandzeni;Borehole;PAF;Open;C;20 km SSW Pafuri;31.21060;-22.59720;RemainOpen
Nandzana;Borehole;PHA;Open;T;"17,5 km NE Phalaborwa";31.28942;-23.83262;RemainOpen
Ngotso South;Pipeline trough;HOU;Open;T;13 km SSE Houtbosch Rand;31.72060;-24.20750;RemainOpen
Ngwenyeni;"Dam, concrete weir";KFI;Open;T;29 km SE Kingfisher Spruit;31.67159;-24.62104;RemainOpen
Ngwenyeni;Borehole;KFI;Open;C;"25,5 km SSW Satara";31.67073;-24.61499;RemainOpen
Ngwenyeni Phalaborwa;Borehole;PHA;Open;T;12 km NNE Phalaborwa;31.23875;-23.85815;RemainOpen
Nhlanganini (Winkelhaak);"Dam, earthen";LET;Open;T;12 km SW Letaba;31.49454;-23.93523;RemainOpen
Nhlangwini;Borehole;PRE;Open;C;5 km SSE Pretoriuskop;31.29409;-25.20501;RemainOpen
Nhlarhweni;Borehole;PHA;Open;C;20 km N Phalaborwa;31.15986;-23.76412;RemainOpen
Nkayeni;Borehole;SHA;Open;C;"11,5 km SE Shangoni";31.02190;-23.24520;RemainOpen
Nsemani;"Dam, earthen";SAT;Open;T;6 km W Satara;31.71945;-24.39361;RemainOpen
Nshawu;Borehole;KRO;Open;T;"12,5 km SE Mooi Plaas";31.98632;-25.30880;RemainOpen
Nshawu No1;Borehole;MOO;Open;T;"12,5 km SE Mooi Plaas";31.47064;-23.60666;RemainOpen
Nshawu No2;Borehole;KRO;Open;T;10 km SE Mooi Plaas;31.97175;-25.31097;RemainOpen
Nshawu No3;Borehole;MOO;Open;T;9 km ESE Mooi Plaas;31.48713;-23.52846;RemainOpen
Nsikazi;"DAM, concrete weir";STO;Open;W;15 km WSW Malelane;31.25642;-25.26921;RemainOpen
Ntente;Borehole;OSA;Open;D;9 km ENE Lower Sabie;32.00250;-25.05657;RemainOpen
Ntsumanini South;Borehole;PUN;Open;C;"9,5 km NE Punda Maria";31.10440;-22.66270;RemainOpen
N'wanetsi;"Dam, concrete weir";NWA;Open;W;"0,5 km E Nwanetsi";31.98101;-24.45389;RemainOpen
N'wanetsi East;Pipeline trough;SAT;Open;T;"5,5 km SW Satara";31.74566;-24.43711;RemainOpen
N'wanetsi Letaba;Borehole;LET;Open;T;16 km WSW Letaba;31.41667;-23.88313;RemainOpen
N'warihlangani South No2;Borehole;VLA;Open;T;17 km NW Shingwedzi;31.33310;-22.99690;RemainOpen
N'warihlangari South;Borehole;VLA;Open;T;17 km NW Shingwedzi;31.37086;-22.90224;RemainOpen
N'watimhiri;"Dam, earthen";SKZ;Open;T;"7,5 km SE Nkuhlu picnic site";31.80096;-25.05469;RemainOpen
N'watinungu;Borehole;NWA;Open;T;30 km SW N'wanetsi;31.81407;-24.67700;RemainOpen
Orpen;"Dam, concrete";TSH;Open;T;"4,5 km E Tshokwane";31.90005;-24.79243;RemainOpen
Orpen;Borehole;KFI;Open;D & T;4 km ENE Kingfisher Spruit;31.39220;-24.47500;RemainOpen
Paradys;Borehole;PAF;Open;C;"4,5 km N Pafuri";31.21020;-22.37830;RemainOpen
Piet Grobler;"Dam, concrete";HOU;Open;T;"14,5 km SSW Houtbosch Rand";31.63333;-24.23278;RemainOpen
Pionier;"Dam, earthen";MOO;Open;T;1 km S Mooi Plaas;31.39252;-23.52389;RemainOpen
Red Rocks;Borehole;WOO;Open;T;16 km SW Shingwedzi;31.29358;-23.18171;RemainOpen
Renoster Pan;Borehole;STO;Open;T;"11,5 km E Stols Nek";31.51185;-25.32471;RemainOpen
Roadside;Borehole;LET;Open;C;"17,5 km W Tshokwane";31.67980;-23.77890;RemainOpen
Sable;"Dam, earthen";PHA;Open;T;"7,5 km E Phalaborwa";31.23722;-23.93908;RemainOpen
Sandpiper;Borehole;WOO;Open;C;"24,5 km NNE Woodlands";31.31581;-23.02046;RemainOpen
Shidzidzi;Pipeline trough;SAT;Open;C;16 km N Satara;31.75632;-24.25268;RemainOpen
Shimuwini;Borehole;WOO;Open;T;17 km ESE Shangoni;31.09765;-23.23098;RemainOpen
Shiphampanane;Borehole;SKZ;Open;T;"17,5 km SSW Skukuza";31.48970;-25.12351;RemainOpen
Shibotwana;Borehole;SAT;Open;T;7 km E Satara;31.84362;-24.39456;RemainOpen
Shisha;"Dam, concrete weir";VLA;Open;W;"3,5 km NNE Vlakte Plaas";31.23903;-22.84222;RemainOpen
Shisha West;Borehole;VLA;Open;T;7 km NNW Vlakte Plaas;31.20982;-22.81050;RemainOpen
Shishangani;Borehole;SAT;Open;T;9 km W N'wanetsi;31.88993;-24.44007;RemainOpen
Shiteveteve West;Borehole;TSH;Open;C;21 km WSW Tshokwane;31.65800;-24.83790;RemainOpen
Silolweni;"Dam, earthen";TSH;Open;T;5 km SSW Tshokwane;31.83507;-24.82434;RemainOpen
Silwervis;"Dam, concrete";WOO;Open;T;1 km ESE Woodlands;31.22333;-23.21889;RemainOpen
Sirheni;"Dam, concrete";VLA;Open;T;"8,5 km S Vlakte Plaas";31.21689;-22.94300;RemainOpen
Sunset Dam;"Dam, earthen";OSA;Open;T;"0,5 km NW Lower Sabie";31.91149;-25.11735;RemainOpen
Talamati;Borehole;KFI;Open;C;15 km SE Kingfisher Spruit;31.55496;-24.55752;RemainOpen
Tihon'wini;Borehole;PUN;Open;C;"8,5 km SE Punda Maria";31.07917;-22.74654;RemainOpen
Van Graan;"Dam, concrete weir";MAL;Open;W;13 km ENE Malelane;31.61685;-25.43749;RemainOpen
Voortrekker;Borehole;STO;Open;T;11 km NE Stols Nek;31.46476;-25.25387;RemainOpen
Welverdiend;Borehole;SAT;Open;C;14 km SW Satara;31.70319;-24.50473;RemainOpen
Wenela;"Dam, concrete weir";NWA;Open;T;"0,5 km N N'wanetsi";31.97685;-24.44577;RemainOpen
Winkelhaak (Nhlanganini);"Dam, earthen";LET;Open;T;"12,5 km SW Letaba";31.49454;-23.93523;RemainOpen
Witpens;Pipeline trough;SAT;Open;T;"7,5 km NNW Satara";31.75098;-24.32793;RemainOpen
